[12Feb2026 00:31:03.700] [main/INFO] [cpw.mods.modlauncher.Launcher/MODLAUNCHER]: ModLauncher running: args [--gameDir, ., --launchTarget, fmlserver, --fml.forgeVersion, 36.2.42, --fml.mcpVersion, 20210115.111550, --fml.mcVersion, 1.16.5, --fml.forgeGroup, net.minecraftforge, nogui]
[12Feb2026 00:31:03.703] [main/INFO] [cpw.mods.modlauncher.Launcher/MODLAUNCHER]: ModLauncher 8.1.3+8.1.3+main-8.1.x.c94d18ec starting: java version 11.0.29 by Ubuntu
[12Feb2026 00:31:04.126] [main/INFO] [net.minecraftforge.fml.loading.FixSSL/CORE]: Added Lets Encrypt root certificates as additional trust
[12Feb2026 00:31:04.189] [main/INFO] [mixin/]: SpongePowered MIXIN Subsystem Version=0.8.4 Source=file:/workspaces/Mundinho/servidor_minecraft/libraries/org/spongepowered/mixin/0.8.4/mixin-0.8.4.jar Service=ModLauncher Env=SERVER
[12Feb2026 00:31:06.099] [main/INFO] [STDERR/]: [jdk.nashorn.api.scripting.NashornScriptEngine:<init>:143]: Warning: Nashorn engine is planned to be removed from a future JDK release
[12Feb2026 00:31:06.224] [main/INFO] [STDERR/]: [jdk.nashorn.api.scripting.NashornScriptEngine:<init>:143]: Warning: Nashorn engine is planned to be removed from a future JDK release
[12Feb2026 00:31:06.240] [main/INFO] [STDERR/]: [jdk.nashorn.api.scripting.NashornScriptEngine:<init>:143]: Warning: Nashorn engine is planned to be removed from a future JDK release
[12Feb2026 00:31:06.246] [main/INFO] [STDERR/]: [jdk.nashorn.api.scripting.NashornScriptEngine:<init>:143]: Warning: Nashorn engine is planned to be removed from a future JDK release
[12Feb2026 00:31:06.253] [main/INFO] [STDERR/]: [jdk.nashorn.api.scripting.NashornScriptEngine:<init>:143]: Warning: Nashorn engine is planned to be removed from a future JDK release
[12Feb2026 00:31:06.261] [main/INFO] [STDERR/]: [jdk.nashorn.api.scripting.NashornScriptEngine:<init>:143]: Warning: Nashorn engine is planned to be removed from a future JDK release
[12Feb2026 00:31:06.265] [main/INFO] [STDERR/]: [jdk.nashorn.api.scripting.NashornScriptEngine:<init>:143]: Warning: Nashorn engine is planned to be removed from a future JDK release
[12Feb2026 00:31:06.273] [main/INFO] [STDERR/]: [jdk.nashorn.api.scripting.NashornScriptEngine:<init>:143]: Warning: Nashorn engine is planned to be removed from a future JDK release
[12Feb2026 00:31:06.278] [main/INFO] [STDERR/]: [jdk.nashorn.api.scripting.NashornScriptEngine:<init>:143]: Warning: Nashorn engine is planned to be removed from a future JDK release
[12Feb2026 00:31:06.282] [main/INFO] [STDERR/]: [jdk.nashorn.api.scripting.NashornScriptEngine:<init>:143]: Warning: Nashorn engine is planned to be removed from a future JDK release
[12Feb2026 00:31:06.287] [main/INFO] [STDERR/]: [jdk.nashorn.api.scripting.NashornScriptEngine:<init>:143]: Warning: Nashorn engine is planned to be removed from a future JDK release
[12Feb2026 00:31:06.290] [main/INFO] [STDERR/]: [jdk.nashorn.api.scripting.NashornScriptEngine:<init>:143]: Warning: Nashorn engine is planned to be removed from a future JDK release
[12Feb2026 00:31:06.294] [main/INFO] [STDERR/]: [jdk.nashorn.api.scripting.NashornScriptEngine:<init>:143]: Warning: Nashorn engine is planned to be removed from a future JDK release
[12Feb2026 00:31:06.298] [main/INFO] [STDERR/]: [jdk.nashorn.api.scripting.NashornScriptEngine:<init>:143]: Warning: Nashorn engine is planned to be removed from a future JDK release
[12Feb2026 00:31:06.303] [main/INFO] [STDERR/]: [jdk.nashorn.api.scripting.NashornScriptEngine:<init>:143]: Warning: Nashorn engine is planned to be removed from a future JDK release
[12Feb2026 00:31:06.307] [main/INFO] [STDERR/]: [jdk.nashorn.api.scripting.NashornScriptEngine:<init>:143]: Warning: Nashorn engine is planned to be removed from a future JDK release
[12Feb2026 00:31:06.313] [main/INFO] [STDERR/]: [jdk.nashorn.api.scripting.NashornScriptEngine:<init>:143]: Warning: Nashorn engine is planned to be removed from a future JDK release
[12Feb2026 00:31:06.317] [main/INFO] [STDERR/]: [jdk.nashorn.api.scripting.NashornScriptEngine:<init>:143]: Warning: Nashorn engine is planned to be removed from a future JDK release
[12Feb2026 00:31:06.320] [main/INFO] [STDERR/]: [jdk.nashorn.api.scripting.NashornScriptEngine:<init>:143]: Warning: Nashorn engine is planned to be removed from a future JDK release
[12Feb2026 00:31:06.323] [main/INFO] [STDERR/]: [jdk.nashorn.api.scripting.NashornScriptEngine:<init>:143]: Warning: Nashorn engine is planned to be removed from a future JDK release
[12Feb2026 00:31:06.327] [main/INFO] [STDERR/]: [jdk.nashorn.api.scripting.NashornScriptEngine:<init>:143]: Warning: Nashorn engine is planned to be removed from a future JDK release
[12Feb2026 00:31:06.331] [main/INFO] [STDERR/]: [jdk.nashorn.api.scripting.NashornScriptEngine:<init>:143]: Warning: Nashorn engine is planned to be removed from a future JDK release
[12Feb2026 00:31:06.335] [main/INFO] [STDERR/]: [jdk.nashorn.api.scripting.NashornScriptEngine:<init>:143]: Warning: Nashorn engine is planned to be removed from a future JDK release
[12Feb2026 00:31:06.338] [main/INFO] [STDERR/]: [jdk.nashorn.api.scripting.NashornScriptEngine:<init>:143]: Warning: Nashorn engine is planned to be removed from a future JDK release
[12Feb2026 00:31:06.340] [main/INFO] [STDERR/]: [jdk.nashorn.api.scripting.NashornScriptEngine:<init>:143]: Warning: Nashorn engine is planned to be removed from a future JDK release
[12Feb2026 00:31:06.343] [main/INFO] [STDERR/]: [jdk.nashorn.api.scripting.NashornScriptEngine:<init>:143]: Warning: Nashorn engine is planned to be removed from a future JDK release
[12Feb2026 00:31:06.346] [main/INFO] [STDERR/]: [jdk.nashorn.api.scripting.NashornScriptEngine:<init>:143]: Warning: Nashorn engine is planned to be removed from a future JDK release
[12Feb2026 00:31:06.349] [main/INFO] [STDERR/]: [jdk.nashorn.api.scripting.NashornScriptEngine:<init>:143]: Warning: Nashorn engine is planned to be removed from a future JDK release
[12Feb2026 00:31:06.351] [main/INFO] [STDERR/]: [jdk.nashorn.api.scripting.NashornScriptEngine:<init>:143]: Warning: Nashorn engine is planned to be removed from a future JDK release
[12Feb2026 00:31:06.355] [main/INFO] [STDERR/]: [jdk.nashorn.api.scripting.NashornScriptEngine:<init>:143]: Warning: Nashorn engine is planned to be removed from a future JDK release
[12Feb2026 00:31:06.359] [main/INFO] [STDERR/]: [jdk.nashorn.api.scripting.NashornScriptEngine:<init>:143]: Warning: Nashorn engine is planned to be removed from a future JDK release
[12Feb2026 00:31:06.361] [main/INFO] [STDERR/]: [jdk.nashorn.api.scripting.NashornScriptEngine:<init>:143]: Warning: Nashorn engine is planned to be removed from a future JDK release
[12Feb2026 00:31:06.364] [main/INFO] [STDERR/]: [jdk.nashorn.api.scripting.NashornScriptEngine:<init>:143]: Warning: Nashorn engine is planned to be removed from a future JDK release
[12Feb2026 00:31:06.367] [main/INFO] [STDERR/]: [jdk.nashorn.api.scripting.NashornScriptEngine:<init>:143]: Warning: Nashorn engine is planned to be removed from a future JDK release
[12Feb2026 00:31:06.370] [main/INFO] [STDERR/]: [jdk.nashorn.api.scripting.NashornScriptEngine:<init>:143]: Warning: Nashorn engine is planned to be removed from a future JDK release
[12Feb2026 00:31:06.372] [main/INFO] [STDERR/]: [jdk.nashorn.api.scripting.NashornScriptEngine:<init>:143]: Warning: Nashorn engine is planned to be removed from a future JDK release
[12Feb2026 00:31:06.377] [main/INFO] [STDERR/]: [jdk.nashorn.api.scripting.NashornScriptEngine:<init>:143]: Warning: Nashorn engine is planned to be removed from a future JDK release
[12Feb2026 00:31:06.380] [main/INFO] [STDERR/]: [jdk.nashorn.api.scripting.NashornScriptEngine:<init>:143]: Warning: Nashorn engine is planned to be removed from a future JDK release
[12Feb2026 00:31:06.383] [main/INFO] [STDERR/]: [jdk.nashorn.api.scripting.NashornScriptEngine:<init>:143]: Warning: Nashorn engine is planned to be removed from a future JDK release
[12Feb2026 00:31:06.387] [main/INFO] [STDERR/]: [jdk.nashorn.api.scripting.NashornScriptEngine:<init>:143]: Warning: Nashorn engine is planned to be removed from a future JDK release
[12Feb2026 00:31:06.393] [main/INFO] [STDERR/]: [jdk.nashorn.api.scripting.NashornScriptEngine:<init>:143]: Warning: Nashorn engine is planned to be removed from a future JDK release
[12Feb2026 00:31:06.396] [main/INFO] [STDERR/]: [jdk.nashorn.api.scripting.NashornScriptEngine:<init>:143]: Warning: Nashorn engine is planned to be removed from a future JDK release
[12Feb2026 00:31:06.398] [main/INFO] [STDERR/]: [jdk.nashorn.api.scripting.NashornScriptEngine:<init>:143]: Warning: Nashorn engine is planned to be removed from a future JDK release
[12Feb2026 00:31:06.402] [main/INFO] [STDERR/]: [jdk.nashorn.api.scripting.NashornScriptEngine:<init>:143]: Warning: Nashorn engine is planned to be removed from a future JDK release
[12Feb2026 00:31:06.404] [main/INFO] [STDERR/]: [jdk.nashorn.api.scripting.NashornScriptEngine:<init>:143]: Warning: Nashorn engine is planned to be removed from a future JDK release
[12Feb2026 00:31:06.409] [main/INFO] [STDERR/]: [jdk.nashorn.api.scripting.NashornScriptEngine:<init>:143]: Warning: Nashorn engine is planned to be removed from a future JDK release
[12Feb2026 00:31:06.413] [main/INFO] [STDERR/]: [jdk.nashorn.api.scripting.NashornScriptEngine:<init>:143]: Warning: Nashorn engine is planned to be removed from a future JDK release
[12Feb2026 00:31:06.599] [main/INFO] [STDERR/]: [org.antlr.v4.runtime.ConsoleErrorListener:syntaxError:38]: line 13:0 token recognition error at: '`'
[12Feb2026 00:31:06.734] [main/INFO] [STDERR/]: [org.antlr.v4.runtime.ConsoleErrorListener:syntaxError:38]: line 1:0 token recognition error at: '~'
[12Feb2026 00:31:10.204] [main/INFO] [mixin/]: Successfully loaded Mixin Connector [shetiphian.core.mixins.MixinConnector]
[12Feb2026 00:31:10.209] [main/INFO] [mixin/]: Successfully loaded Mixin Connector [vazkii.botania.common.MixinConnector]
[12Feb2026 00:31:10.214] [main/INFO] [mixin/]: Successfully loaded Mixin Connector [com.thevortex.allthetweaks.mixin.MixinConnector]
[12Feb2026 00:31:10.215] [main/INFO] [mixin/]: Successfully loaded Mixin Connector [com.leobeliik.extremesoundmuffler.MixinConnector]
[12Feb2026 00:31:10.221] [main/INFO] [mixin/]: Successfully loaded Mixin Connector [hellfirepvp.astralsorcery.MixinConnector]
[12Feb2026 00:31:10.226] [main/INFO] [mixin/]: Successfully loaded Mixin Connector [vazkii.patchouli.common.MixinConnector]
[12Feb2026 00:31:10.233] [main/INFO] [mixin/]: Successfully loaded Mixin Connector [eutros.framedcompactdrawers.MixinConnector]
[12Feb2026 00:31:10.266] [main/INFO] [cpw.mods.modlauncher.LaunchServiceHandler/MODLAUNCHER]: Launching target 'fmlserver' with arguments [--gameDir, ., nogui]
[12Feb2026 00:31:10.642] [main/INFO] [ModernFix/]: Loaded configuration file for ModernFix 5.12.0+mc1.16.5: 84 options available, 1 override(s) found
[12Feb2026 00:31:10.642] [main/WARN] [ModernFix/]: Option 'mixin.perf.compress_biome_container' overriden (by mods [chocolate]) to 'false'
[12Feb2026 00:31:12.735] [main/INFO] [ModernFix/]: Applied Forge config corruption patch
[12Feb2026 00:31:12.917] [main/WARN] [mixin/]: Reference map 'findme.refmap.json' for findme.mixins.json could not be read. If this is a development environment you can ignore this message
[12Feb2026 00:31:12.922] [main/WARN] [mixin/]: Reference map 'modid.refmap.json' for rsinfinitybooster.mixins.json could not be read. If this is a development environment you can ignore this message
[12Feb2026 00:31:12.931] [main/WARN] [mixin/]: Reference map 'rhino-forge-refmap.json' for rhino.mixins.json could not be read. If this is a development environment you can ignore this message
[12Feb2026 00:31:12.935] [main/WARN] [mixin/]: Reference map 'ponderjs.refmap.json' for ponderjs.mixins.json could not be read. If this is a development environment you can ignore this message
[12Feb2026 00:31:12.951] [main/INFO] [RoadRunner Early Loading/]: Loaded rule configuration file for RoadRunner: 81 options available, 1 override(s) found
[12Feb2026 00:31:13.134] [main/INFO] [net.minecraftforge.coremod.CoreMod.placebo/COREMODLOG]: Patching LivingEntity#attackEntityFrom
[12Feb2026 00:31:13.261] [main/INFO] [net.minecraftforge.coremod.CoreMod.apotheosis/COREMODLOG]: Patching LivingEntity#blockUsingShield
[12Feb2026 00:31:13.304] [main/INFO] [net.minecraftforge.coremod.CoreMod.apotheosis/COREMODLOG]: Patching LivingEntity#applyPotionDamageCalculations
[12Feb2026 00:31:13.626] [main/INFO] [net.minecraftforge.coremod.CoreMod.observerlib/COREMODLOG]: Adding 'on_block_change' ASM patch...
[12Feb2026 00:31:13.686] [main/INFO] [net.minecraftforge.coremod.CoreMod.observerlib/COREMODLOG]: Added 'on_block_change' ASM patch!
[12Feb2026 00:31:13.965] [main/INFO] [net.minecraftforge.coremod.CoreMod.placebo/COREMODLOG]: Patching ItemStack#onItemUse
[12Feb2026 00:31:14.355] [main/INFO] [net.minecraftforge.coremod.CoreMod.astralsorcery/COREMODLOG]: Adding 'reach_set_server_entity_interact' ASM patch...
[12Feb2026 00:31:14.426] [main/INFO] [net.minecraftforge.coremod.CoreMod.astralsorcery/COREMODLOG]: Added 'reach_set_server_entity_interact' ASM patch!
[12Feb2026 00:31:14.626] [main/INFO] [net.minecraftforge.coremod.CoreMod.placebo/COREMODLOG]: Patching LootTableManager#apply
[12Feb2026 00:31:15.069] [main/INFO] [net.minecraftforge.coremod.CoreMod.apotheosis/COREMODLOG]: Patching CrossbowItem#onItemRightClick
[12Feb2026 00:31:15.118] [main/INFO] [net.minecraftforge.coremod.CoreMod.apotheosis/COREMODLOG]: Patching CrossbowItem#fireProjectile
[12Feb2026 00:31:15.202] [main/WARN] [mixin/]: Error loading class: de/maxhenkel/gravestone/events/DeathEvents (java.lang.ClassNotFoundException: null)
[12Feb2026 00:31:15.202] [main/WARN] [mixin/]: Error loading class: de/maxhenkel/corpse/events/DeathEvents (java.lang.ClassNotFoundException: null)
[12Feb2026 00:31:15.258] [main/INFO] [net.minecraftforge.coremod.CoreMod.apotheosis/COREMODLOG]: Patching net/minecraft/loot/functions/EnchantRandomly
[12Feb2026 00:31:15.397] [main/INFO] [net.minecraftforge.coremod.CoreMod.observerlib/COREMODLOG]: Adding 'on_block_change' ASM patch...
[12Feb2026 00:31:15.402] [main/INFO] [net.minecraftforge.coremod.CoreMod.observerlib/COREMODLOG]: Added 'on_block_change' ASM patch!
[12Feb2026 00:31:15.546] [main/FATAL] [net.minecraftforge.fml.loading.RuntimeDistCleaner/DISTXFORM]: Attempted to load class net/minecraft/client/gui/screen/inventory/ContainerScreen for invalid dist DEDICATED_SERVER
[12Feb2026 00:31:15.546] [main/WARN] [mixin/]: Error loading class: net/minecraft/client/gui/screen/inventory/ContainerScreen (java.lang.RuntimeException: Attempted to load class net/minecraft/client/gui/screen/inventory/ContainerScreen for invalid dist DEDICATED_SERVER)
[12Feb2026 00:31:15.546] [main/WARN] [mixin/]: @Mixin target net.minecraft.client.gui.screen.inventory.ContainerScreen was not found findme.mixins.json:MixinSlotRenderer
[12Feb2026 00:31:15.592] [main/FATAL] [net.minecraftforge.fml.loading.RuntimeDistCleaner/DISTXFORM]: Attempted to load class net/minecraft/client/entity/player/ClientPlayerEntity for invalid dist DEDICATED_SERVER
[12Feb2026 00:31:15.593] [main/WARN] [mixin/]: Error loading class: net/minecraft/client/entity/player/ClientPlayerEntity (java.lang.RuntimeException: Attempted to load class net/minecraft/client/entity/player/ClientPlayerEntity for invalid dist DEDICATED_SERVER)
[12Feb2026 00:31:15.593] [main/WARN] [mixin/]: @Mixin target net.minecraft.client.entity.player.ClientPlayerEntity was not found ars_nouveau.mixins.json:ClientElytraMixin
[12Feb2026 00:31:15.718] [main/INFO] [net.minecraftforge.coremod.CoreMod.apotheosis/COREMODLOG]: Patching RepairContainer#updateRepairOutput
[12Feb2026 00:31:15.838] [main/INFO] [net.minecraftforge.coremod.CoreMod.apotheosis/COREMODLOG]: Successfully removed the anvil level cap.
[12Feb2026 00:31:15.878] [main/INFO] [net.minecraftforge.coremod.CoreMod.apotheosis/COREMODLOG]: Patching RepairContainer#updateRepairOutput
[12Feb2026 00:31:15.952] [main/INFO] [net.minecraftforge.coremod.CoreMod.apotheosis/COREMODLOG]: Successfully allowed nbt-unbreakable items in the anvil.
[12Feb2026 00:31:15.959] [main/INFO] [net.minecraftforge.coremod.CoreMod.apotheosis/COREMODLOG]: Patching net/minecraft/inventory/container/RepairContainer
[12Feb2026 00:31:16.053] [main/INFO] [net.minecraftforge.coremod.CoreMod.apotheosis/COREMODLOG]: Patching EnchantmentHelper#getEnchantmentModifierDamage
[12Feb2026 00:31:16.112] [main/INFO] [net.minecraftforge.coremod.CoreMod.apotheosis/COREMODLOG]: Patching EnchantmentHelper#getModifierForCreature
[12Feb2026 00:31:16.213] [main/INFO] [net.minecraftforge.coremod.CoreMod.apotheosis/COREMODLOG]: Patching EnchantmentHelper#applyThornEnchantments
[12Feb2026 00:31:16.342] [main/INFO] [net.minecraftforge.coremod.CoreMod.apotheosis/COREMODLOG]: Patching EnchantmentHelper#applyArthropodEnchantments
[12Feb2026 00:31:16.431] [main/INFO] [net.minecraftforge.coremod.CoreMod.apotheosis/COREMODLOG]: Patching buildEnchantmentList for the Enchantability affix.
[12Feb2026 00:31:16.488] [main/INFO] [net.minecraftforge.coremod.CoreMod.apotheosis/COREMODLOG]: Patching EnchantmentHelper#getEnchantmentDatas
[12Feb2026 00:31:16.710] [main/INFO] [net.minecraftforge.coremod.CoreMod.placebo/COREMODLOG]: Patching DataPackRegistries#<init>
[12Feb2026 00:31:16.752] [main/WARN] [RoadRunner Early Loading/]: Force-disabling mixin 'ai.nearby_entity_tracking.LivingEntityMixin' as rule 'mixin.ai.nearby_entity_tracking' (added by user configuration) disables it and children
[12Feb2026 00:31:16.754] [main/WARN] [RoadRunner Early Loading/]: Force-disabling mixin 'ai.nearby_entity_tracking.ServerWorldMixin' as rule 'mixin.ai.nearby_entity_tracking' (added by user configuration) disables it and children
[12Feb2026 00:31:16.755] [main/WARN] [RoadRunner Early Loading/]: Force-disabling mixin 'ai.nearby_entity_tracking.WorldChunkMixin' as rule 'mixin.ai.nearby_entity_tracking' (added by user configuration) disables it and children
[12Feb2026 00:31:16.755] [main/WARN] [RoadRunner Early Loading/]: Force-disabling mixin 'ai.nearby_entity_tracking.WorldMixin' as rule 'mixin.ai.nearby_entity_tracking' (added by user configuration) disables it and children
[12Feb2026 00:31:16.757] [main/WARN] [RoadRunner Early Loading/]: Force-disabling mixin 'ai.nearby_entity_tracking.goals.FleeEntityGoalMixin' as rule 'mixin.ai.nearby_entity_tracking' (added by user configuration) disables it and children
[12Feb2026 00:31:16.758] [main/WARN] [RoadRunner Early Loading/]: Force-disabling mixin 'ai.nearby_entity_tracking.goals.LookAtGoalMixin' as rule 'mixin.ai.nearby_entity_tracking' (added by user configuration) disables it and children
[12Feb2026 00:31:17.009] [main/INFO] [net.minecraftforge.coremod.CoreMod.apotheosis/COREMODLOG]: Patching TemptGoal#isTempting
[12Feb2026 00:31:17.028] [main/WARN] [ferritecore-mixin/]: Mixin malte0811.ferritecore.mixin.chunknbt.ChunkSerializerMixin is disabled by config
[12Feb2026 00:31:17.069] [main/INFO] [memoryleakfix/]: [MemoryLeakFix] Will be applying 3 memory leak fixes!
[12Feb2026 00:31:17.069] [main/INFO] [memoryleakfix/]: [MemoryLeakFix] Currently enabled memory leak fixes: [entityMemoriesLeak, biomeTemperatureLeak, drownedNavigationLeak]
[12Feb2026 00:31:17.301] [main/INFO] [MixinExtras|Service/]: Initializing MixinExtras via org.embeddedt.modernfix.forge.shadow.mixinextras.service.MixinExtrasServiceImpl(version=0.3.2).
[12Feb2026 00:31:17.303] [main/WARN] [MixinExtras|Service/]: Found problematic active MixinExtras instance at ca.fxco.memoryleakfix.mixinextras (version 0.2.0-beta.6)
[12Feb2026 00:31:17.303] [main/WARN] [MixinExtras|Service/]: Versions from 0.2.0-beta.1 to 0.2.0-beta.9 have limited support and it is strongly recommended to update.
[12Feb2026 00:31:17.440] [main/INFO] [com.unrealdinnerbone.delogger.LoggerHacks/]: !!! SOME LOGGERS HAVE MOVED TO THE DEBUG FILE (Please Include them in your bug reports) !!!
[12Feb2026 00:31:17.525] [main/INFO] [net.minecraft.util.registry.Bootstrap/]: ModernFix reached bootstrap stage (14.67 s after launch)
[12Feb2026 00:31:18.752] [main/INFO] [ModernFix/]: Injecting BlockStateBase cache population hook into func_204519_t from me.jellysquid.mods.lithium.mixin.block.flatten_states.AbstractBlockStateMixin
[12Feb2026 00:31:18.956] [main/INFO] [net.minecraftforge.coremod.CoreMod.placebo/COREMODLOG]: Patching LivingEntity#attackEntityFrom
[12Feb2026 00:31:18.975] [main/INFO] [net.minecraftforge.coremod.CoreMod.apotheosis/COREMODLOG]: Patching LivingEntity#blockUsingShield
[12Feb2026 00:31:18.978] [main/INFO] [net.minecraftforge.coremod.CoreMod.apotheosis/COREMODLOG]: Patching LivingEntity#applyPotionDamageCalculations
[12Feb2026 00:31:19.076] [main/INFO] [net.minecraftforge.coremod.CoreMod.observerlib/COREMODLOG]: Adding 'on_block_change' ASM patch...
[12Feb2026 00:31:19.078] [main/INFO] [net.minecraftforge.coremod.CoreMod.observerlib/COREMODLOG]: Added 'on_block_change' ASM patch!
[12Feb2026 00:31:19.562] [main/INFO] [FerriteCore - class definer/]: Using Java 9+ class definer
[12Feb2026 00:31:19.586] [main/INFO] [net.minecraftforge.coremod.CoreMod.placebo/COREMODLOG]: Patching ItemStack#onItemUse
[12Feb2026 00:31:19.884] [main/INFO] [net.minecraftforge.coremod.CoreMod.apotheosis/COREMODLOG]: Patching SharedMonsterAttributes#readAttributeModifier
[12Feb2026 00:31:20.127] [main/INFO] [net.minecraftforge.coremod.CoreMod.apotheosis/COREMODLOG]: Patching RepairContainer#updateRepairOutput
[12Feb2026 00:31:20.135] [main/INFO] [net.minecraftforge.coremod.CoreMod.apotheosis/COREMODLOG]: Successfully removed the anvil level cap.
[12Feb2026 00:31:20.137] [main/INFO] [net.minecraftforge.coremod.CoreMod.apotheosis/COREMODLOG]: Patching RepairContainer#updateRepairOutput
[12Feb2026 00:31:20.144] [main/INFO] [net.minecraftforge.coremod.CoreMod.apotheosis/COREMODLOG]: Successfully allowed nbt-unbreakable items in the anvil.
[12Feb2026 00:31:20.145] [main/INFO] [net.minecraftforge.coremod.CoreMod.apotheosis/COREMODLOG]: Patching net/minecraft/inventory/container/RepairContainer
[12Feb2026 00:31:20.379] [main/INFO] [net.minecraftforge.coremod.CoreMod.apotheosis/COREMODLOG]: Patching CampfireTileEntity#findMatchingRecipe
[12Feb2026 00:31:20.743] [main/INFO] [net.minecraftforge.coremod.CoreMod.apotheosis/COREMODLOG]: Patching TemptGoal#isTempting
[12Feb2026 00:31:22.316] [main/INFO] [net.minecraftforge.coremod.CoreMod.apotheosis/COREMODLOG]: Patching ItemArrow#isInfinite
[12Feb2026 00:31:22.389] [main/INFO] [net.minecraftforge.coremod.CoreMod.apotheosis/COREMODLOG]: Patching net/minecraft/item/EnchantedBookItem
[12Feb2026 00:31:22.398] [main/INFO] [net.minecraftforge.coremod.CoreMod.apotheosis/COREMODLOG]: Patching ItemArrow#isInfinite
[12Feb2026 00:31:22.410] [main/INFO] [net.minecraftforge.coremod.CoreMod.apotheosis/COREMODLOG]: Patching CrossbowItem#onItemRightClick
[12Feb2026 00:31:22.413] [main/INFO] [net.minecraftforge.coremod.CoreMod.apotheosis/COREMODLOG]: Patching CrossbowItem#fireProjectile
[12Feb2026 00:31:22.495] [main/INFO] [net.minecraftforge.coremod.CoreMod.apotheosis/COREMODLOG]: Patching FishingBobberEntity#catchingFish
[12Feb2026 00:31:22.685] [main/INFO] [net.minecraftforge.coremod.CoreMod.apotheosis/COREMODLOG]: Patching net/minecraft/loot/functions/EnchantRandomly
[12Feb2026 00:31:22.925] [main/INFO] [net.minecraft.util.registry.Bootstrap/]: Vanilla bootstrap took 5396 milliseconds
[12Feb2026 00:31:24.315] [main/INFO] [PluginManager/]: Scanning classes for titanium
[12Feb2026 00:31:24.351] [main/INFO] [PluginManager/]: Found FeaturePluginInstance for class IndustrialForegoingResourcePlugin for plugin resources
[12Feb2026 00:31:24.351] [main/INFO] [PluginManager/]: Found FeaturePluginInstance for class DefaultResourceRegistryPlugin for plugin resources
[12Feb2026 00:31:24.793] [modloading-worker-2/INFO] [HammerLib/]: Registered charge handler for type org.zeith.hammerlib.util.charging.fluid.FluidCharge - org.zeith.hammerlib.util.charging.impl.FluidChargeHandler@1386d6ec
[12Feb2026 00:31:24.802] [modloading-worker-2/INFO] [HammerLib/]: Registered charge handler for type org.zeith.hammerlib.util.charging.fe.FECharge - org.zeith.hammerlib.util.charging.impl.FEChargeHandler@4dfe1bac
[12Feb2026 00:31:24.848] [modloading-worker-2/INFO] [HammerLib/]: Registered inventory lister org.zeith.hammerlib.util.charging.impl.VanillaPlayerInvLister
[12Feb2026 00:31:25.000] [modloading-worker-1/INFO] [net.minecraftforge.coremod.CoreMod.placebo/COREMODLOG]: Patching DataPackRegistries#<init>
[12Feb2026 00:31:25.089] [modloading-worker-2/INFO] [HammerLib/]: Injecting setup into class org.zeith.hammerlib.net.Network
[12Feb2026 00:31:25.100] [modloading-worker-2/INFO] [HammerLib/]: Injecting setup into class org.zeith.hammerlib.core.test.machine.RecipeTestMachine
[12Feb2026 00:31:25.336] [modloading-worker-2/INFO] [net.minecraftforge.coremod.CoreMod.astralsorcery/COREMODLOG]: Adding 'reach_set_server_entity_interact' ASM patch...
[12Feb2026 00:31:25.339] [modloading-worker-2/INFO] [net.minecraftforge.coremod.CoreMod.astralsorcery/COREMODLOG]: Added 'reach_set_server_entity_interact' ASM patch!
[12Feb2026 00:31:25.393] [modloading-worker-3/INFO] [cabletiers/]: Loading config: /workspaces/Mundinho/servidor_minecraft/config/cabletiers-common.toml
[12Feb2026 00:31:25.394] [modloading-worker-3/INFO] [cabletiers/]: Built config: /workspaces/Mundinho/servidor_minecraft/config/cabletiers-common.toml
[12Feb2026 00:31:25.394] [modloading-worker-3/INFO] [cabletiers/]: Loaded config: /workspaces/Mundinho/servidor_minecraft/config/cabletiers-common.toml
[12Feb2026 00:31:25.451] [modloading-worker-2/INFO] [universalgrid/]: Loading config: /workspaces/Mundinho/servidor_minecraft/config/universalgrid-common.toml
[12Feb2026 00:31:25.455] [modloading-worker-2/INFO] [universalgrid/]: Built config: /workspaces/Mundinho/servidor_minecraft/config/universalgrid-common.toml
[12Feb2026 00:31:25.455] [modloading-worker-2/INFO] [universalgrid/]: Loaded config: /workspaces/Mundinho/servidor_minecraft/config/universalgrid-common.toml
[12Feb2026 00:31:25.767] [modloading-worker-0/INFO] [net.permutated.novillagerdm.NoVillagerDeathMessages/]: Registering mod: novillagerdm
[12Feb2026 00:31:25.807] [modloading-worker-3/INFO] [net.minecraftforge.coremod.CoreMod.placebo/COREMODLOG]: Patching LootTableManager#apply
[12Feb2026 00:31:25.849] [modloading-worker-3/INFO] [PluginManager/]: Scanning classes for industrialforegoing
[12Feb2026 00:31:25.849] [modloading-worker-3/INFO] [PluginManager/]: Found FeaturePluginInstance for class FTBChunksPlugin for plugin ftbchunks
[12Feb2026 00:31:25.850] [modloading-worker-3/INFO] [PluginManager/]: Found FeaturePluginInstance for class AstralSorceryPlugin for plugin astralsorcery
[12Feb2026 00:31:25.850] [modloading-worker-3/INFO] [PluginManager/]: Found FeaturePluginInstance for class CuriosPlugin for plugin curios
[12Feb2026 00:31:25.850] [modloading-worker-3/INFO] [PluginManager/]: Found FeaturePluginInstance for class ImmersiveEngineeringPlugin for plugin immersiveengineering
[12Feb2026 00:31:25.851] [modloading-worker-3/INFO] [PluginManager/]: Constructed class FTBChunksPlugin for plugin ftbchunks for mod industrialforegoing
[12Feb2026 00:31:25.852] [modloading-worker-3/INFO] [PluginManager/]: Constructed class AstralSorceryPlugin for plugin astralsorcery for mod industrialforegoing
[12Feb2026 00:31:25.852] [modloading-worker-3/INFO] [PluginManager/]: Constructed class CuriosPlugin for plugin curios for mod industrialforegoing
[12Feb2026 00:31:25.853] [modloading-worker-3/INFO] [PluginManager/]: Constructed class ImmersiveEngineeringPlugin for plugin immersiveengineering for mod industrialforegoing
[12Feb2026 00:31:25.854] [modloading-worker-3/INFO] [PluginManager/]: Executing phase CONSTRUCTION for plugin class FTBChunksPlugin
[12Feb2026 00:31:25.855] [modloading-worker-3/INFO] [PluginManager/]: Executing phase CONSTRUCTION for plugin class AstralSorceryPlugin
[12Feb2026 00:31:25.856] [modloading-worker-3/INFO] [PluginManager/]: Executing phase CONSTRUCTION for plugin class CuriosPlugin
[12Feb2026 00:31:25.866] [modloading-worker-3/INFO] [PluginManager/]: Executing phase CONSTRUCTION for plugin class ImmersiveEngineeringPlugin
[12Feb2026 00:31:25.875] [modloading-worker-3/INFO] [PluginManager/]: Executing phase PRE_INIT for plugin class FTBChunksPlugin
[12Feb2026 00:31:25.876] [modloading-worker-3/INFO] [PluginManager/]: Executing phase PRE_INIT for plugin class AstralSorceryPlugin
[12Feb2026 00:31:25.881] [modloading-worker-3/INFO] [PluginManager/]: Executing phase PRE_INIT for plugin class CuriosPlugin
[12Feb2026 00:31:25.881] [modloading-worker-3/INFO] [PluginManager/]: Executing phase PRE_INIT for plugin class ImmersiveEngineeringPlugin
[12Feb2026 00:31:25.950] [modloading-worker-1/INFO] [com.refinedmods.refinedstorage.apiimpl.API/]: Found 3 RS API injection points
[12Feb2026 00:31:25.950] [modloading-worker-1/INFO] [com.refinedmods.refinedstorage.apiimpl.API/]: Injected RS API in com.YTrollman.UniversalGrid.UniversalGrid RSAPI
[12Feb2026 00:31:25.957] [modloading-worker-1/INFO] [com.refinedmods.refinedstorage.apiimpl.API/]: Injected RS API in org.cyclops.integrateddynamicscompat.modcompat.refinedstorage.aspect.RefinedStorageAspects RS
[12Feb2026 00:31:25.960] [modloading-worker-1/INFO] [com.refinedmods.refinedstorage.apiimpl.API/]: Injected RS API in com.refinedmods.refinedstorageaddons.RSAddons RSAPI
[12Feb2026 00:31:26.362] [modloading-worker-0/WARN] [ironfurnaces.IronFurnaces/]: You have disabled Iron Furnaces's Update Checker, to re-enable: change the value of Update Checker in .minecraft->config->ironfurnaces-client.toml to 'true'.
[12Feb2026 00:31:26.441] [modloading-worker-1/INFO] [PluginManager/]: Scanning classes for portality
[12Feb2026 00:31:26.674] [modloading-worker-3/INFO] [PluginManager/]: Executing phase INIT for plugin class FTBChunksPlugin
[12Feb2026 00:31:26.675] [modloading-worker-3/INFO] [PluginManager/]: Executing phase INIT for plugin class AstralSorceryPlugin
[12Feb2026 00:31:26.678] [modloading-worker-3/INFO] [PluginManager/]: Executing phase INIT for plugin class CuriosPlugin
[12Feb2026 00:31:26.678] [modloading-worker-3/INFO] [PluginManager/]: Executing phase INIT for plugin class ImmersiveEngineeringPlugin
[12Feb2026 00:31:26.817] [modloading-worker-3/INFO] [PluginManager/]: Executing phase POST_INIT for plugin class FTBChunksPlugin
[12Feb2026 00:31:26.819] [modloading-worker-3/INFO] [PluginManager/]: Executing phase POST_INIT for plugin class AstralSorceryPlugin
[12Feb2026 00:31:26.819] [modloading-worker-3/INFO] [PluginManager/]: Executing phase POST_INIT for plugin class CuriosPlugin
[12Feb2026 00:31:26.820] [modloading-worker-3/INFO] [PluginManager/]: Executing phase POST_INIT for plugin class ImmersiveEngineeringPlugin
[12Feb2026 00:31:27.246] [modloading-worker-2/INFO] [ipsis.woot.setup.ModSetup/]: InfuserSetup: register
[12Feb2026 00:31:27.256] [modloading-worker-2/INFO] [ipsis.woot.setup.ModSetup/]: SqueezerSetup: register
[12Feb2026 00:31:27.268] [modloading-worker-2/INFO] [ipsis.woot.setup.ModSetup/]: OracleSetup: register
[12Feb2026 00:31:27.334] [modloading-worker-2/INFO] [ipsis.woot.setup.ModSetup/]: FactorySetup: register
[12Feb2026 00:31:27.344] [modloading-worker-2/INFO] [ipsis.woot.setup.ModSetup/]: LayoutSetup: register
[12Feb2026 00:31:27.355] [modloading-worker-2/INFO] [ipsis.woot.setup.ModSetup/]: AnvilSetup: register
[12Feb2026 00:31:27.368] [modloading-worker-2/INFO] [ipsis.woot.setup.ModSetup/]: FluidSetup: register
[12Feb2026 00:31:27.369] [modloading-worker-2/INFO] [ipsis.woot.setup.ModSetup/]: ToolsSetup: register
[12Feb2026 00:31:27.379] [modloading-worker-2/INFO] [ipsis.woot.setup.ModSetup/]: DebugSetup: register
[12Feb2026 00:31:27.392] [modloading-worker-2/INFO] [ipsis.woot.setup.ModSetup/]: GenericSetup: register
[12Feb2026 00:31:27.398] [modloading-worker-2/INFO] [ipsis.woot.setup.ModSetup/]: FluidConvertor: register
[12Feb2026 00:31:27.632] [Phosphophyllite Registry Worker/INFO] [Phosphophyllite/Registry/]: Thread started
[12Feb2026 00:31:27.766] [modloading-worker-0/INFO] [wile.engineerstools.ModEngineersTools/]: Engineer's Tools GIT id #1afec45.
[12Feb2026 00:31:27.853] [modloading-worker-2/INFO] [de.melanx.extradisks.ExtraDisks/]: 14 blocks registered.
[12Feb2026 00:31:27.857] [modloading-worker-2/INFO] [de.melanx.extradisks.ExtraDisks/]: 29 items registered.
[12Feb2026 00:31:27.857] [modloading-worker-2/INFO] [de.melanx.extradisks.ExtraDisks/]: 13 tiles registered.
[12Feb2026 00:31:27.857] [modloading-worker-2/INFO] [de.melanx.extradisks.ExtraDisks/]: 13 containers registered.
[12Feb2026 00:31:28.561] [modloading-worker-2/INFO] [JarSignVerifier/]: Mod usefulrailroads is signed with a valid certificate.
[12Feb2026 00:31:28.593] [modloading-worker-0/INFO] [pneumaticcraft/]: Thirdparty integration activated for [theoneprobe,cofh_core,immersiveengineering,computercraft,jei,botania,mekanism,curios,patchouli,create,appliedenergistics2]
[12Feb2026 00:31:28.623] [modloading-worker-2/INFO] [creativeapiary/]: Loading config: /workspaces/Mundinho/servidor_minecraft/config/creativeapiary-common.toml
[12Feb2026 00:31:28.623] [modloading-worker-2/INFO] [creativeapiary/]: Built config: /workspaces/Mundinho/servidor_minecraft/config/creativeapiary-common.toml
[12Feb2026 00:31:28.623] [modloading-worker-2/INFO] [creativeapiary/]: Loaded config: /workspaces/Mundinho/servidor_minecraft/config/creativeapiary-common.toml
[12Feb2026 00:31:29.214] [modloading-worker-0/INFO] [ModernFix/]: Bypassed Mojang DFU
[12Feb2026 00:31:29.216] [modloading-worker-0/ERROR] [structurize/]: ----------------------------------------------------------------- 
 Invalid DataFixer detected, schematics might not paste correctly! 
The following DataFixer was added: class org.embeddedt.modernfix.dfu.LazyDataFixer
-----------------------------------------------------------------
[12Feb2026 00:31:29.224] [modloading-worker-0/INFO] [creativecrafter/]: Loading config: /workspaces/Mundinho/servidor_minecraft/config/creativecrafter-client.toml
[12Feb2026 00:31:29.224] [modloading-worker-0/INFO] [creativecrafter/]: Built config: /workspaces/Mundinho/servidor_minecraft/config/creativecrafter-client.toml
[12Feb2026 00:31:29.224] [modloading-worker-0/INFO] [creativecrafter/]: Loaded config: /workspaces/Mundinho/servidor_minecraft/config/creativecrafter-client.toml
[12Feb2026 00:31:29.514] [modloading-worker-2/INFO] [Advanced Peripherals/]: AdvancedPeripherals says hello!
[12Feb2026 00:31:29.552] [modloading-worker-0/INFO] [de.melanx.aiotbotania.AIOTBotania/]: Items registered.
[12Feb2026 00:31:29.555] [modloading-worker-0/INFO] [de.melanx.aiotbotania.AIOTBotania/]: Blocks registered.
[12Feb2026 00:31:29.555] [modloading-worker-0/INFO] [de.melanx.aiotbotania.AIOTBotania/]: Global loot modifiers registered.
[12Feb2026 00:31:29.633] [modloading-worker-0/INFO] [Silent Gear/TraitManager]: Registered condition serializer 'silentgear:not'
[12Feb2026 00:31:29.638] [modloading-worker-0/INFO] [Silent Gear/TraitManager]: Registered condition serializer 'silentgear:and'
[12Feb2026 00:31:29.639] [modloading-worker-0/INFO] [Silent Gear/TraitManager]: Registered condition serializer 'silentgear:or'
[12Feb2026 00:31:29.640] [modloading-worker-0/INFO] [Silent Gear/TraitManager]: Registered condition serializer 'silentgear:gear_type'
[12Feb2026 00:31:29.643] [modloading-worker-0/INFO] [Silent Gear/TraitManager]: Registered condition serializer 'silentgear:material_count'
[12Feb2026 00:31:29.647] [modloading-worker-0/INFO] [Silent Gear/TraitManager]: Registered condition serializer 'silentgear:material_ratio'
[12Feb2026 00:31:29.648] [modloading-worker-0/INFO] [Silent Gear/TraitManager]: Registered condition serializer 'silentgear:primary_material'
[12Feb2026 00:31:29.649] [modloading-worker-0/INFO] [Silent Gear/TraitManager]: Registered serializer 'silentgear:simple_trait'
[12Feb2026 00:31:29.650] [modloading-worker-0/INFO] [Silent Gear/TraitManager]: Registered serializer 'silentgear:damage_type_trait'
[12Feb2026 00:31:29.652] [modloading-worker-0/INFO] [Silent Gear/TraitManager]: Registered serializer 'silentgear:durability_trait'
[12Feb2026 00:31:29.656] [modloading-worker-0/INFO] [Silent Gear/TraitManager]: Registered serializer 'silentgear:enchantment_trait'
[12Feb2026 00:31:29.660] [modloading-worker-0/INFO] [Silent Gear/TraitManager]: Registered serializer 'silentgear:nbt_trait'
[12Feb2026 00:31:29.664] [modloading-worker-0/INFO] [Silent Gear/TraitManager]: Registered serializer 'silentgear:potion_effect_trait'
[12Feb2026 00:31:29.666] [modloading-worker-0/INFO] [Silent Gear/TraitManager]: Registered serializer 'silentgear:stat_modifier_trait'
[12Feb2026 00:31:29.669] [modloading-worker-0/INFO] [Silent Gear/TraitManager]: Registered serializer 'silentgear:attribute_trait'
[12Feb2026 00:31:29.672] [modloading-worker-0/INFO] [Silent Gear/TraitManager]: Registered serializer 'silentgear:block_placer'
[12Feb2026 00:31:29.678] [modloading-worker-0/INFO] [Silent Gear/TraitManager]: Registered serializer 'silentgear:block_filler'
[12Feb2026 00:31:29.679] [modloading-worker-0/INFO] [Silent Gear/TraitManager]: Registered serializer 'silentgear:synergy'
[12Feb2026 00:31:29.683] [modloading-worker-0/INFO] [Silent Gear/TraitManager]: Registered serializer 'silentgear:target_effect'
[12Feb2026 00:31:29.686] [modloading-worker-0/INFO] [Silent Gear/TraitManager]: Registered serializer 'silentgear:bonus_drops'
[12Feb2026 00:31:29.689] [modloading-worker-0/INFO] [Silent Gear/TraitManager]: Registered serializer 'silentgear:cancel_effects'
[12Feb2026 00:31:29.692] [modloading-worker-0/INFO] [Silent Gear/TraitManager]: Registered serializer 'silentgear:self_repair'
[12Feb2026 00:31:29.696] [modloading-worker-0/INFO] [Silent Gear/TraitManager]: Registered serializer 'silentgear:stellar'
[12Feb2026 00:31:29.696] [modloading-worker-0/INFO] [Silent Gear/TraitManager]: Registered serializer 'managear:mana'
[12Feb2026 00:31:29.697] [modloading-worker-0/INFO] [Silent Gear/TraitManager]: Registered serializer 'managear:manaburst'
[12Feb2026 00:31:29.730] [modloading-worker-0/INFO] [wile.rsgauges.ModRsGauges/]: Gauges and Switches GIT id #19c991f.
[12Feb2026 00:31:29.787] [modloading-worker-0/INFO] [TerraForged/]: Environment: dev=false, stable=true, vanilla=false
[12Feb2026 00:31:29.787] [modloading-worker-0/INFO] [TerraForged/]: Running on minimum supported core-count. Performance may not be optimal!
[12Feb2026 00:31:29.789] [modloading-worker-0/INFO] [TerraForged/]: Signature:  7b:73:d0:a2:c3:40:13:84:35:4f:c9:0e:2b:85:8c:08:ea:3c:3c:eb:f1:98:8b:5b:6e:ca:8a:a0:9a:cf:12:b3
[12Feb2026 00:31:29.809] [modloading-worker-0/INFO] [TerraForged/]: Trust Data: CN=TerraForged self-signed
[12Feb2026 00:31:29.810] [modloading-worker-0/INFO] [TerraForged/]: Initializing tags
[12Feb2026 00:31:30.153] [modloading-worker-2/WARN] [mixin/]: @Inject(@At("INVOKE")) Shift.BY=2 on assets/astralsorcery/astralsorcery.mixins.json:MixinItemPredicate::handler$bkh000$enhanceEnchantmentList exceeds the maximum allowed value: 0. Increase the value of maxShiftBy to suppress this warning.
[12Feb2026 00:31:30.220] [modloading-worker-3/INFO] [ModernFix/]: Instantiating Mojang DFU
[12Feb2026 00:31:30.786] [modloading-worker-1/INFO] [JarSignVerifier/]: Mod uteamcore is signed with a valid certificate.
[12Feb2026 00:31:30.900] [modloading-worker-0/INFO] [net.minecraftforge.common.ForgeMod/FORGEMOD]: Forge mod loading, version 36.2.42, for MC 1.16.5 with MCP 20210115.111550
[12Feb2026 00:31:30.900] [modloading-worker-0/INFO] [net.minecraftforge.common.MinecraftForge/FORGE]: MinecraftForge v36.2.42 Initialized
[12Feb2026 00:31:31.313] [modloading-worker-0/INFO] [chocolate/]: Vanilla is real good, but chocolate is better, let's be honest. :)
[12Feb2026 00:31:31.341] [modloading-worker-1/INFO] [JarSignVerifier/]: Mod usefulbackpacks is signed with a valid certificate.
[12Feb2026 00:31:31.375] [modloading-worker-0/INFO] [com.resourcefulbees.resourcefulbees.ResourcefulBees/]: Setting up config paths...
[12Feb2026 00:31:31.536] [modloading-worker-0/INFO] [com.resourcefulbees.resourcefulbees.ResourcefulBees/]: Bee Registry Initialized...
[12Feb2026 00:31:31.541] [modloading-worker-0/INFO] [com.resourcefulbees.resourcefulbees.ResourcefulBees/]: Trait Registry Initialized...
[12Feb2026 00:31:31.542] [modloading-worker-0/INFO] [com.resourcefulbees.resourcefulbees.ResourcefulBees/]: Bee Registration Enabled...
[12Feb2026 00:31:31.552] [modloading-worker-0/INFO] [com.resourcefulbees.resourcefulbees.ResourcefulBees/]: Building Biome Dictionary...
[12Feb2026 00:31:31.621] [modloading-worker-0/INFO] [com.resourcefulbees.resourcefulbees.ResourcefulBees/]: Registering Custom Bees...
[12Feb2026 00:31:31.714] [modloading-worker-2/INFO] [twilightforest/]: Loaded compatibility for mod immersiveengineering.
[12Feb2026 00:31:31.770] [modloading-worker-0/INFO] [com.resourcefulbees.resourcefulbees.ResourcefulBees/]: Registering Custom Honeys..
[12Feb2026 00:31:31.870] [modloading-worker-1/INFO] [SolarFlux/]: Added Draconic Evolution compatibility to Solar Flux.
[12Feb2026 00:31:31.913] [modloading-worker-1/INFO] [STDERR/]: [jdk.nashorn.api.scripting.NashornScriptEngine:<init>:143]: Warning: Nashorn engine is planned to be removed from a future JDK release
[12Feb2026 00:31:32.045] [modloading-worker-3/WARN] [yungsapi/]: WARNING: block Block{minecraft:lapis_ore} added to BlockSelector exceeds max probabiltiy of 1!
[12Feb2026 00:31:32.099] [modloading-worker-2/WARN] [net.minecraftforge.server.permission.PermissionAPI/]: Replacing net.minecraftforge.server.permission.DefaultPermissionHandler with dev.ftb.mods.ftbranks.forge.PermissionAPIWrapper
[12Feb2026 00:31:32.223] [modloading-worker-1/INFO] [ObservableNet/]: Registering class observable.net.BetterChannel$PartialPacketBegin
[12Feb2026 00:31:33.016] [modloading-worker-3/INFO] [nikita488.zycraft.repack.registrate.AbstractRegistrate/]: Detected new forge version, registering events reflectively.
[12Feb2026 00:31:33.023] [modloading-worker-2/INFO] [com.simibubi.create.repack.registrate.AbstractRegistrate/]: Detected new forge version, registering events reflectively.
[12Feb2026 00:31:33.763] [modloading-worker-1/INFO] [ObservableNet/]: Registered class observable.net.BetterChannel$PartialPacketBegin
[12Feb2026 00:31:33.764] [modloading-worker-1/INFO] [ObservableNet/]: Registering class observable.net.BetterChannel$PartialPacketData
[12Feb2026 00:31:33.775] [modloading-worker-1/INFO] [ObservableNet/]: Registered class observable.net.BetterChannel$PartialPacketData
[12Feb2026 00:31:33.781] [modloading-worker-1/INFO] [ObservableNet/]: Registering class observable.net.C2SPacket$InitTPSProfile
[12Feb2026 00:31:33.792] [modloading-worker-1/INFO] [ObservableNet/]: Registered class observable.net.C2SPacket$InitTPSProfile
[12Feb2026 00:31:33.796] [modloading-worker-1/INFO] [ObservableNet/]: Registering class observable.net.C2SPacket$RequestTeleport
[12Feb2026 00:31:33.808] [modloading-worker-1/INFO] [ObservableNet/]: Registered class observable.net.C2SPacket$RequestTeleport
[12Feb2026 00:31:33.811] [modloading-worker-1/INFO] [ObservableNet/]: Registering class observable.net.C2SPacket$RequestAvailability
[12Feb2026 00:31:33.819] [modloading-worker-1/INFO] [ObservableNet/]: Registered class observable.net.C2SPacket$RequestAvailability
[12Feb2026 00:31:33.828] [modloading-worker-1/INFO] [ObservableNet/]: Registering class observable.net.S2CPacket$ProfilingStarted
[12Feb2026 00:31:33.842] [modloading-worker-1/INFO] [ObservableNet/]: Registered class observable.net.S2CPacket$ProfilingStarted
[12Feb2026 00:31:33.843] [modloading-worker-1/INFO] [ObservableNet/]: Registering class observable.net.S2CPacket$ProfilingCompleted
[12Feb2026 00:31:33.845] [modloading-worker-1/INFO] [ObservableNet/]: Registered class observable.net.S2CPacket$ProfilingCompleted
[12Feb2026 00:31:33.849] [modloading-worker-1/INFO] [ObservableNet/]: Registering class observable.net.S2CPacket$ProfilerInactive
[12Feb2026 00:31:33.853] [modloading-worker-1/INFO] [ObservableNet/]: Registered class observable.net.S2CPacket$ProfilerInactive
[12Feb2026 00:31:33.856] [modloading-worker-1/INFO] [ObservableNet/]: Registering class observable.net.S2CPacket$ProfilingResult
[12Feb2026 00:31:33.867] [modloading-worker-1/INFO] [ObservableNet/]: Registered class observable.net.S2CPacket$ProfilingResult
[12Feb2026 00:31:33.868] [modloading-worker-1/INFO] [ObservableNet/]: Registering class observable.net.S2CPacket$Availability
[12Feb2026 00:31:33.880] [modloading-worker-1/INFO] [ObservableNet/]: Registered class observable.net.S2CPacket$Availability
[12Feb2026 00:31:33.988] [modloading-worker-1/INFO] [Dungeon Crawl/]: Here we go! Launching Dungeon Crawl 2.3.12...
[12Feb2026 00:31:34.417] [modloading-worker-0/INFO] [KubeJS/]: Looking for KubeJS plugins...
[12Feb2026 00:31:34.430] [modloading-worker-0/INFO] [KubeJS/]: Found kubejs plugin
[12Feb2026 00:31:34.515] [modloading-worker-0/INFO] [KubeJS/]: Found kubejs_thermal plugin
[12Feb2026 00:31:34.542] [modloading-worker-0/INFO] [KubeJS/]: Found kubejs_create plugin
[12Feb2026 00:31:34.546] [modloading-worker-0/INFO] [KubeJS/]: Found kubejs_immersive_engineering plugin
[12Feb2026 00:31:34.550] [modloading-worker-0/INFO] [KubeJS/]: Found kubejs_mekanism plugin
[12Feb2026 00:31:34.555] [modloading-worker-0/INFO] [KubeJS/]: Found kubejs_blood_magic plugin
[12Feb2026 00:31:34.582] [modloading-worker-0/INFO] [KubeJS/]: Found ponderjs plugin
[12Feb2026 00:31:34.604] [modloading-worker-0/INFO] [KubeJS/]: Found ftbchunks plugin
[12Feb2026 00:31:34.651] [modloading-worker-0/INFO] [KubeJS/]: Done in 0 s
[12Feb2026 00:31:34.700] [modloading-worker-1/INFO] [brandonscore/]: Knock Knock...
[12Feb2026 00:31:34.700] [modloading-worker-1/WARN] [draconicevolution/]: Reactor detonation initiated.
[12Feb2026 00:31:34.701] [modloading-worker-1/INFO] [brandonscore/]: Wait... NO! What?
[12Feb2026 00:31:34.701] [modloading-worker-1/INFO] [brandonscore/]: Stop That! That's not how this works!
[12Feb2026 00:31:34.701] [modloading-worker-1/WARN] [draconicevolution/]: Calculating explosion ETA
[12Feb2026 00:31:34.702] [modloading-worker-1/INFO] [brandonscore/]: Ahh... NO... NONONO! DONT DO THAT!!! STOP THIS NOW!
[12Feb2026 00:31:34.702] [modloading-worker-1/WARN] [draconicevolution/]: **Explosion Imminent!!!**
[12Feb2026 00:31:34.702] [modloading-worker-1/INFO] [brandonscore/]: Well...... fork...
[12Feb2026 00:31:34.706] [modloading-worker-0/INFO] [KubeJS/]: Loaded common.properties
[12Feb2026 00:31:34.938] [modloading-worker-3/INFO] [STDOUT/]: [wayoftime.bloodmagic.structures.DungeonRoomLoader:loadDungeons:217]: Loading schematic: bloodmagic:t_corridor
[12Feb2026 00:31:34.953] [modloading-worker-3/INFO] [STDOUT/]: [wayoftime.bloodmagic.structures.DungeonRoomLoader:loadDungeons:219]: Resulting dungeon: wayoftime.bloodmagic.structures.DungeonRoom@5be2f96b
[12Feb2026 00:31:34.953] [modloading-worker-3/INFO] [STDOUT/]: [wayoftime.bloodmagic.structures.DungeonRoomLoader:loadDungeons:217]: Loading schematic: bloodmagic:four_way_corridor_loot
[12Feb2026 00:31:34.953] [modloading-worker-3/INFO] [STDOUT/]: [wayoftime.bloodmagic.structures.DungeonRoomLoader:loadDungeons:219]: Resulting dungeon: wayoftime.bloodmagic.structures.DungeonRoom@165692a7
[12Feb2026 00:31:34.957] [modloading-worker-3/INFO] [STDOUT/]: [wayoftime.bloodmagic.structures.DungeonRoomLoader:loadDungeons:217]: Loading schematic: bloodmagic:four_way_corridor
[12Feb2026 00:31:34.958] [modloading-worker-3/INFO] [STDOUT/]: [wayoftime.bloodmagic.structures.DungeonRoomLoader:loadDungeons:219]: Resulting dungeon: wayoftime.bloodmagic.structures.DungeonRoom@4781fbde
[12Feb2026 00:31:34.958] [modloading-worker-3/INFO] [STDOUT/]: [wayoftime.bloodmagic.structures.DungeonRoomLoader:loadDungeons:217]: Loading schematic: bloodmagic:standard/ore_hold_1
[12Feb2026 00:31:34.959] [modloading-worker-3/INFO] [STDOUT/]: [wayoftime.bloodmagic.structures.DungeonRoomLoader:loadDungeons:219]: Resulting dungeon: wayoftime.bloodmagic.structures.DungeonRoom@4ec74910
[12Feb2026 00:31:34.960] [modloading-worker-3/INFO] [STDOUT/]: [wayoftime.bloodmagic.structures.DungeonRoomLoader:loadDungeons:217]: Loading schematic: bloodmagic:standard/mine_entrance
[12Feb2026 00:31:34.956] [modloading-worker-1/INFO] [ProjectIntelligence/]: Hello Minecraft!!!
[12Feb2026 00:31:34.962] [modloading-worker-1/WARN] [ProjectIntelligence/]: An error occurred while trying top disable awt headless mode. As a result the ProjectIntelligence editor may not work.
[12Feb2026 00:31:34.963] [modloading-worker-3/INFO] [STDOUT/]: [wayoftime.bloodmagic.structures.DungeonRoomLoader:loadDungeons:219]: Resulting dungeon: wayoftime.bloodmagic.structures.DungeonRoom@62d1ff1e
[12Feb2026 00:31:34.963] [modloading-worker-1/INFO] [STDERR/]: [com.brandon3055.projectintelligence.ProjectIntelligence:<init>:36]: java.lang.NullPointerException
[12Feb2026 00:31:34.964] [modloading-worker-1/INFO] [STDERR/]: [com.brandon3055.projectintelligence.ProjectIntelligence:<init>:36]: 	at com.brandon3055.projectintelligence.ProjectIntelligence.<init>(ProjectIntelligence.java:30)
[12Feb2026 00:31:34.965] [modloading-worker-1/INFO] [STDERR/]: [com.brandon3055.projectintelligence.ProjectIntelligence:<init>:36]: 	at java.base/jdk.internal.reflect.NativeConstructorAccessorImpl.newInstance0(Native Method)
[12Feb2026 00:31:34.965] [modloading-worker-1/INFO] [STDERR/]: [com.brandon3055.projectintelligence.ProjectIntelligence:<init>:36]: 	at java.base/jdk.internal.reflect.NativeConstructorAccessorImpl.newInstance(NativeConstructorAccessorImpl.java:62)
[12Feb2026 00:31:34.965] [modloading-worker-1/INFO] [STDERR/]: [com.brandon3055.projectintelligence.ProjectIntelligence:<init>:36]: 	at java.base/jdk.internal.reflect.DelegatingConstructorAccessorImpl.newInstance(DelegatingConstructorAccessorImpl.java:45)
[12Feb2026 00:31:34.965] [modloading-worker-3/INFO] [STDOUT/]: [wayoftime.bloodmagic.structures.DungeonRoomLoader:loadDungeons:217]: Loading schematic: bloodmagic:straight_corridor
[12Feb2026 00:31:34.969] [modloading-worker-1/INFO] [STDERR/]: [com.brandon3055.projectintelligence.ProjectIntelligence:<init>:36]: 	at java.base/java.lang.reflect.Constructor.newInstance(Constructor.java:490)
[12Feb2026 00:31:34.969] [modloading-worker-1/INFO] [STDERR/]: [com.brandon3055.projectintelligence.ProjectIntelligence:<init>:36]: 	at java.base/java.lang.Class.newInstance(Class.java:584)
[12Feb2026 00:31:34.969] [modloading-worker-1/INFO] [STDERR/]: [com.brandon3055.projectintelligence.ProjectIntelligence:<init>:36]: 	at net.minecraftforge.fml.javafmlmod.FMLModContainer.constructMod(FMLModContainer.java:67)
[12Feb2026 00:31:34.969] [modloading-worker-1/INFO] [STDERR/]: [com.brandon3055.projectintelligence.ProjectIntelligence:<init>:36]: 	at net.minecraftforge.fml.ModContainer.lambda$buildTransitionHandler$4(ModContainer.java:106)
[12Feb2026 00:31:34.969] [modloading-worker-3/INFO] [STDOUT/]: [wayoftime.bloodmagic.structures.DungeonRoomLoader:loadDungeons:219]: Resulting dungeon: wayoftime.bloodmagic.structures.DungeonRoom@72051543
[12Feb2026 00:31:34.969] [modloading-worker-1/INFO] [STDERR/]: [com.brandon3055.projectintelligence.ProjectIntelligence:<init>:36]: 	at java.base/java.util.concurrent.CompletableFuture$AsyncRun.run(CompletableFuture.java:1736)
[12Feb2026 00:31:34.970] [modloading-worker-1/INFO] [STDERR/]: [com.brandon3055.projectintelligence.ProjectIntelligence:<init>:36]: 	at java.base/java.util.concurrent.CompletableFuture$AsyncRun.exec(CompletableFuture.java:1728)
[12Feb2026 00:31:34.970] [modloading-worker-1/INFO] [STDERR/]: [com.brandon3055.projectintelligence.ProjectIntelligence:<init>:36]: 	at java.base/java.util.concurrent.ForkJoinTask.doExec(ForkJoinTask.java:290)
[12Feb2026 00:31:34.970] [modloading-worker-1/INFO] [STDERR/]: [com.brandon3055.projectintelligence.ProjectIntelligence:<init>:36]: 	at java.base/java.util.concurrent.ForkJoinPool$WorkQueue.topLevelExec(ForkJoinPool.java:1020)
[12Feb2026 00:31:34.970] [modloading-worker-1/INFO] [STDERR/]: [com.brandon3055.projectintelligence.ProjectIntelligence:<init>:36]: 	at java.base/java.util.concurrent.ForkJoinPool.scan(ForkJoinPool.java:1656)
[12Feb2026 00:31:34.971] [modloading-worker-3/INFO] [STDOUT/]: [wayoftime.bloodmagic.structures.DungeonRoomLoader:loadDungeons:217]: Loading schematic: bloodmagic:spiral_staircase
[12Feb2026 00:31:34.971] [modloading-worker-1/INFO] [STDERR/]: [com.brandon3055.projectintelligence.ProjectIntelligence:<init>:36]: 	at java.base/java.util.concurrent.ForkJoinPool.runWorker(ForkJoinPool.java:1594)
[12Feb2026 00:31:34.972] [modloading-worker-3/INFO] [STDOUT/]: [wayoftime.bloodmagic.structures.DungeonRoomLoader:loadDungeons:219]: Resulting dungeon: wayoftime.bloodmagic.structures.DungeonRoom@2d741ce0
[12Feb2026 00:31:34.974] [modloading-worker-3/INFO] [STDOUT/]: [wayoftime.bloodmagic.structures.DungeonRoomLoader:loadDungeons:217]: Loading schematic: bloodmagic:t3_entrance
[12Feb2026 00:31:34.975] [modloading-worker-3/INFO] [STDOUT/]: [wayoftime.bloodmagic.structures.DungeonRoomLoader:loadDungeons:219]: Resulting dungeon: wayoftime.bloodmagic.structures.DungeonRoom@1eec2577
[12Feb2026 00:31:34.972] [modloading-worker-1/INFO] [STDERR/]: [com.brandon3055.projectintelligence.ProjectIntelligence:<init>:36]: 	at java.base/java.util.concurrent.ForkJoinWorkerThread.run(ForkJoinWorkerThread.java:183)
[12Feb2026 00:31:34.975] [modloading-worker-3/INFO] [STDOUT/]: [wayoftime.bloodmagic.structures.DungeonRoomLoader:loadDungeons:217]: Loading schematic: bloodmagic:standard_entrance
[12Feb2026 00:31:34.977] [modloading-worker-3/INFO] [STDOUT/]: [wayoftime.bloodmagic.structures.DungeonRoomLoader:loadDungeons:219]: Resulting dungeon: wayoftime.bloodmagic.structures.DungeonRoom@7df1292f
[12Feb2026 00:31:34.979] [modloading-worker-3/INFO] [STDOUT/]: [wayoftime.bloodmagic.structures.DungeonRoomLoader:loadDungeons:217]: Loading schematic: bloodmagic:mini_dungeon/library
[12Feb2026 00:31:34.980] [modloading-worker-3/INFO] [STDOUT/]: [wayoftime.bloodmagic.structures.DungeonRoomLoader:loadDungeons:219]: Resulting dungeon: wayoftime.bloodmagic.structures.DungeonRoom@630d8131
[12Feb2026 00:31:34.983] [modloading-worker-3/INFO] [STDOUT/]: [wayoftime.bloodmagic.structures.DungeonRoomLoader:loadDungeons:217]: Loading schematic: bloodmagic:mini_dungeon/armoury
[12Feb2026 00:31:34.983] [modloading-worker-3/INFO] [STDOUT/]: [wayoftime.bloodmagic.structures.DungeonRoomLoader:loadDungeons:219]: Resulting dungeon: wayoftime.bloodmagic.structures.DungeonRoom@64045a85
[12Feb2026 00:31:34.986] [modloading-worker-3/INFO] [STDOUT/]: [wayoftime.bloodmagic.structures.DungeonRoomLoader:loadDungeons:217]: Loading schematic: bloodmagic:mini_dungeon/farm
[12Feb2026 00:31:34.986] [modloading-worker-3/INFO] [STDOUT/]: [wayoftime.bloodmagic.structures.DungeonRoomLoader:loadDungeons:219]: Resulting dungeon: wayoftime.bloodmagic.structures.DungeonRoom@3a5c7e21
[12Feb2026 00:31:34.986] [modloading-worker-3/INFO] [STDOUT/]: [wayoftime.bloodmagic.structures.DungeonRoomLoader:loadDungeons:217]: Loading schematic: bloodmagic:mini_dungeon/portal_nether
[12Feb2026 00:31:34.987] [modloading-worker-3/INFO] [STDOUT/]: [wayoftime.bloodmagic.structures.DungeonRoomLoader:loadDungeons:219]: Resulting dungeon: wayoftime.bloodmagic.structures.DungeonRoom@7075ecf
[12Feb2026 00:31:34.987] [modloading-worker-3/INFO] [STDOUT/]: [wayoftime.bloodmagic.structures.DungeonRoomLoader:loadDungeons:217]: Loading schematic: bloodmagic:mini_dungeon/crypt
[12Feb2026 00:31:34.987] [modloading-worker-3/INFO] [STDOUT/]: [wayoftime.bloodmagic.structures.DungeonRoomLoader:loadDungeons:219]: Resulting dungeon: wayoftime.bloodmagic.structures.DungeonRoom@74ced5fa
[12Feb2026 00:31:34.987] [modloading-worker-3/INFO] [STDOUT/]: [wayoftime.bloodmagic.structures.DungeonRoomLoader:loadDungeons:223]: # schematics: 14
[12Feb2026 00:31:35.134] [modloading-worker-3/WARN] [mixin/]: Method overwrite conflict for func_225532_a_ in roadrunner.mixins.json:gen.voronoi_biomes.VoronoiBiomeAccessTypeMixin, previously written by org.embeddedt.modernfix.common.mixin.perf.biome_zoomer.FuzzyOffsetBiomeZoomerMixin. Skipping method.
[12Feb2026 00:31:35.232] [modloading-worker-2/INFO] [Mystical Agriculture/]: Registered plugin: com.blakebr0.mysticalagriculture.lib.ModCorePlugin
[12Feb2026 00:31:35.252] [modloading-worker-2/INFO] [Mystical Agriculture/]: Registered plugin: com.blakebr0.mysticalcustomization.lib.ModCorePlugin
[12Feb2026 00:31:35.265] [modloading-worker-0/INFO] [KubeJS Startup/]: Loaded script startup_scripts:modification.js in 0.16 s
[12Feb2026 00:31:35.272] [modloading-worker-0/INFO] [KubeJS Startup/]: Loaded script startup_scripts:custom_items.js in 0.006 s
[12Feb2026 00:31:35.277] [modloading-worker-0/INFO] [KubeJS Startup/]: Loaded script startup_scripts:worldgen_add.js in 0.001 s
[12Feb2026 00:31:35.278] [modloading-worker-2/INFO] [Mystical Agriculture/]: Registered plugin: com.blakebr0.mysticalagradditions.lib.ModCorePlugin
[12Feb2026 00:31:35.279] [modloading-worker-0/INFO] [KubeJS Startup/]: Loaded script startup_scripts:worldgen.js in 0.001 s
[12Feb2026 00:31:35.279] [modloading-worker-0/INFO] [KubeJS Startup/]: Loaded 4/4 KubeJS startup scripts in 0.344 s
[12Feb2026 00:31:35.377] [modloading-worker-0/INFO] [PluginManager/]: Scanning classes for titanium
[12Feb2026 00:31:35.406] [modloading-worker-0/INFO] [PluginManager/]: Constructed class IndustrialForegoingResourcePlugin for plugin resources for mod titanium
[12Feb2026 00:31:35.407] [modloading-worker-0/INFO] [PluginManager/]: Constructed class DefaultResourceRegistryPlugin for plugin resources for mod titanium
[12Feb2026 00:31:35.407] [modloading-worker-0/INFO] [PluginManager/]: Executing phase CONSTRUCTION for plugin class IndustrialForegoingResourcePlugin
[12Feb2026 00:31:35.413] [modloading-worker-0/INFO] [PluginManager/]: Executing phase CONSTRUCTION for plugin class DefaultResourceRegistryPlugin
[12Feb2026 00:31:35.663] [modloading-worker-2/INFO] [com.ma.ManaAndArtifice/]: M&A -> Config Loaded
[12Feb2026 00:31:35.818] [modloading-worker-0/INFO] [ctiers/]: Loading config: /workspaces/Mundinho/servidor_minecraft/config/ctiers-common.toml
[12Feb2026 00:31:35.819] [modloading-worker-0/INFO] [ctiers/]: Built config: /workspaces/Mundinho/servidor_minecraft/config/ctiers-common.toml
[12Feb2026 00:31:35.820] [modloading-worker-0/INFO] [ctiers/]: Loaded config: /workspaces/Mundinho/servidor_minecraft/config/ctiers-common.toml
[12Feb2026 00:31:36.158] [modloading-worker-1/INFO] [creativewirelesstransmitter/]: Loading config: /workspaces/Mundinho/servidor_minecraft/config/creative_wireless_transmitter-client.toml
[12Feb2026 00:31:36.158] [modloading-worker-1/INFO] [creativewirelesstransmitter/]: Built config: /workspaces/Mundinho/servidor_minecraft/config/creative_wireless_transmitter-client.toml
[12Feb2026 00:31:36.159] [modloading-worker-1/INFO] [creativewirelesstransmitter/]: Loaded config: /workspaces/Mundinho/servidor_minecraft/config/creative_wireless_transmitter-client.toml
[12Feb2026 00:31:36.181] [modloading-worker-0/INFO] [net.minecraftforge.coremod.CoreMod.apotheosis/COREMODLOG]: Patching vazkii/quark/content/tools/module/AncientTomesModule
[12Feb2026 00:31:36.210] [modloading-worker-0/INFO] [net.minecraftforge.coremod.CoreMod.apotheosis/COREMODLOG]: Patching vazkii/quark/content/tools/item/AncientTomeItem
[12Feb2026 00:31:36.211] [modloading-worker-2/INFO] [com.ma.ManaAndArtifice/]: M&A -> Mod Event Bus Handlers Registered
[12Feb2026 00:31:36.213] [modloading-worker-1/INFO] [io.github.drmanganese.topaddons.TopAddons/]: Registered addon Forge
[12Feb2026 00:31:36.237] [modloading-worker-1/INFO] [io.github.drmanganese.topaddons.TopAddons/]: Registered addon Vanilla
[12Feb2026 00:31:36.249] [modloading-worker-1/INFO] [io.github.drmanganese.topaddons.TopAddons/]: Registered addon Storage Drawers
[12Feb2026 00:31:36.257] [modloading-worker-1/INFO] [io.github.drmanganese.topaddons.TopAddons/]: Registered addon Industrialforegoing
[12Feb2026 00:31:36.287] [modloading-worker-1/INFO] [io.github.drmanganese.topaddons.TopAddons/]: Registered addon Thermal_expansion
[12Feb2026 00:31:36.306] [modloading-worker-1/INFO] [io.github.drmanganese.topaddons.TopAddons/]: Registered addon Bloodmagic
[12Feb2026 00:31:36.324] [modloading-worker-1/INFO] [net.permutated.pylons.Pylons/]: Registering mod: pylons
[12Feb2026 00:31:36.407] [modloading-worker-1/INFO] [net.permutated.pylons.Pylons/]: Registered 1 network packets
[12Feb2026 00:31:36.445] [modloading-worker-1/INFO] [wile.engineersdecor.ModEngineersDecor/]: Engineer's Decor GIT id #e4dae2d.
[12Feb2026 00:31:36.478] [modloading-worker-1/INFO] [team.chisel.repack.registrate.AbstractRegistrate/]: Detected new forge version, registering events reflectively.
[12Feb2026 00:31:36.646] [modloading-worker-2/INFO] [expandability/]: ExpandAbility here, who dis?
[12Feb2026 00:31:36.848] [modloading-worker-3/INFO] [com.simibubi.create.repack.registrate.AbstractRegistrate/]: Detected new forge version, registering events reflectively.
[12Feb2026 00:31:37.468] [main/INFO] [com.ma.ManaAndArtifice/]: Finished registering registries!
[12Feb2026 00:31:39.158] [main/INFO] [corail_woodcutter/]: missing extension for "Oh Biome You'll Go" recipes
[12Feb2026 00:31:39.567] [main/INFO] [ipsis.woot.setup.ModSetup/]: registerBlocks
[12Feb2026 00:31:39.932] [main/INFO] [wile.engineerstools.ModEngineersTools/]: Registered 3 blocks.
[12Feb2026 00:31:42.238] [main/INFO] [corgiaoc.byg.BYG/]: BYG: Blocks registered!
[12Feb2026 00:31:42.410] [main/INFO] [wile.rsgauges.ModRsGauges/]: Registered 94 blocks.
[12Feb2026 00:31:42.495] [main/INFO] [Dark Utilities/]: Registered 45 Block entries in 0.88ms.
[12Feb2026 00:31:42.496] [main/INFO] [Botany Pots/]: Registered 34 Block entries in 0.88ms.
[12Feb2026 00:31:42.501] [main/FATAL] [net.minecraftforge.fml.loading.RuntimeDistCleaner/DISTXFORM]: Attempted to load class net/minecraft/client/particle/ParticleManager for invalid dist DEDICATED_SERVER
[12Feb2026 00:31:42.502] [main/FATAL] [net.minecraftforge.fml.loading.RuntimeDistCleaner/DISTXFORM]: Attempted to load class net/minecraft/client/particle/ParticleManager for invalid dist DEDICATED_SERVER
[12Feb2026 00:31:42.508] [main/FATAL] [net.minecraftforge.fml.loading.RuntimeDistCleaner/DISTXFORM]: Attempted to load class net/minecraft/client/particle/ParticleManager for invalid dist DEDICATED_SERVER
[12Feb2026 00:31:42.509] [main/FATAL] [net.minecraftforge.fml.loading.RuntimeDistCleaner/DISTXFORM]: Attempted to load class net/minecraft/client/particle/ParticleManager for invalid dist DEDICATED_SERVER
[12Feb2026 00:31:42.511] [main/FATAL] [net.minecraftforge.fml.loading.RuntimeDistCleaner/DISTXFORM]: Attempted to load class net/minecraft/client/particle/ParticleManager for invalid dist DEDICATED_SERVER
[12Feb2026 00:31:42.512] [main/FATAL] [net.minecraftforge.fml.loading.RuntimeDistCleaner/DISTXFORM]: Attempted to load class net/minecraft/client/particle/ParticleManager for invalid dist DEDICATED_SERVER
[12Feb2026 00:31:42.525] [main/FATAL] [net.minecraftforge.fml.loading.RuntimeDistCleaner/DISTXFORM]: Attempted to load class net/minecraft/client/particle/ParticleManager for invalid dist DEDICATED_SERVER
[12Feb2026 00:31:42.525] [main/FATAL] [net.minecraftforge.fml.loading.RuntimeDistCleaner/DISTXFORM]: Attempted to load class net/minecraft/client/particle/ParticleManager for invalid dist DEDICATED_SERVER
[12Feb2026 00:31:42.690] [main/FATAL] [net.minecraftforge.fml.loading.RuntimeDistCleaner/DISTXFORM]: Attempted to load class net/minecraft/client/particle/ParticleManager for invalid dist DEDICATED_SERVER
[12Feb2026 00:31:42.691] [main/FATAL] [net.minecraftforge.fml.loading.RuntimeDistCleaner/DISTXFORM]: Attempted to load class net/minecraft/client/particle/ParticleManager for invalid dist DEDICATED_SERVER
[12Feb2026 00:31:42.962] [main/FATAL] [net.minecraftforge.fml.loading.RuntimeDistCleaner/DISTXFORM]: Attempted to load class net/minecraft/client/particle/ParticleManager for invalid dist DEDICATED_SERVER
[12Feb2026 00:31:42.963] [main/FATAL] [net.minecraftforge.fml.loading.RuntimeDistCleaner/DISTXFORM]: Attempted to load class net/minecraft/client/particle/ParticleManager for invalid dist DEDICATED_SERVER
[12Feb2026 00:31:43.076] [main/FATAL] [net.minecraftforge.fml.loading.RuntimeDistCleaner/DISTXFORM]: Attempted to load class net/minecraft/client/particle/ParticleManager for invalid dist DEDICATED_SERVER
[12Feb2026 00:31:43.077] [main/FATAL] [net.minecraftforge.fml.loading.RuntimeDistCleaner/DISTXFORM]: Attempted to load class net/minecraft/client/particle/ParticleManager for invalid dist DEDICATED_SERVER
[12Feb2026 00:31:43.078] [main/FATAL] [net.minecraftforge.fml.loading.RuntimeDistCleaner/DISTXFORM]: Attempted to load class net/minecraft/client/particle/ParticleManager for invalid dist DEDICATED_SERVER
[12Feb2026 00:31:43.078] [main/FATAL] [net.minecraftforge.fml.loading.RuntimeDistCleaner/DISTXFORM]: Attempted to load class net/minecraft/client/particle/ParticleManager for invalid dist DEDICATED_SERVER
[12Feb2026 00:31:43.079] [main/FATAL] [net.minecraftforge.fml.loading.RuntimeDistCleaner/DISTXFORM]: Attempted to load class net/minecraft/client/particle/ParticleManager for invalid dist DEDICATED_SERVER
[12Feb2026 00:31:43.080] [main/FATAL] [net.minecraftforge.fml.loading.RuntimeDistCleaner/DISTXFORM]: Attempted to load class net/minecraft/client/particle/ParticleManager for invalid dist DEDICATED_SERVER
[12Feb2026 00:31:43.081] [main/FATAL] [net.minecraftforge.fml.loading.RuntimeDistCleaner/DISTXFORM]: Attempted to load class net/minecraft/client/particle/ParticleManager for invalid dist DEDICATED_SERVER
[12Feb2026 00:31:43.082] [main/FATAL] [net.minecraftforge.fml.loading.RuntimeDistCleaner/DISTXFORM]: Attempted to load class net/minecraft/client/particle/ParticleManager for invalid dist DEDICATED_SERVER
[12Feb2026 00:31:43.083] [main/FATAL] [net.minecraftforge.fml.loading.RuntimeDistCleaner/DISTXFORM]: Attempted to load class net/minecraft/client/particle/ParticleManager for invalid dist DEDICATED_SERVER
[12Feb2026 00:31:43.084] [main/FATAL] [net.minecraftforge.fml.loading.RuntimeDistCleaner/DISTXFORM]: Attempted to load class net/minecraft/client/particle/ParticleManager for invalid dist DEDICATED_SERVER
[12Feb2026 00:31:43.085] [main/FATAL] [net.minecraftforge.fml.loading.RuntimeDistCleaner/DISTXFORM]: Attempted to load class net/minecraft/client/particle/ParticleManager for invalid dist DEDICATED_SERVER
[12Feb2026 00:31:43.086] [main/FATAL] [net.minecraftforge.fml.loading.RuntimeDistCleaner/DISTXFORM]: Attempted to load class net/minecraft/client/particle/ParticleManager for invalid dist DEDICATED_SERVER
[12Feb2026 00:31:43.092] [main/FATAL] [net.minecraftforge.fml.loading.RuntimeDistCleaner/DISTXFORM]: Attempted to load class net/minecraft/client/particle/ParticleManager for invalid dist DEDICATED_SERVER
[12Feb2026 00:31:43.093] [main/FATAL] [net.minecraftforge.fml.loading.RuntimeDistCleaner/DISTXFORM]: Attempted to load class net/minecraft/client/particle/ParticleManager for invalid dist DEDICATED_SERVER
[12Feb2026 00:31:43.094] [main/FATAL] [net.minecraftforge.fml.loading.RuntimeDistCleaner/DISTXFORM]: Attempted to load class net/minecraft/client/particle/ParticleManager for invalid dist DEDICATED_SERVER
[12Feb2026 00:31:43.095] [main/FATAL] [net.minecraftforge.fml.loading.RuntimeDistCleaner/DISTXFORM]: Attempted to load class net/minecraft/client/particle/ParticleManager for invalid dist DEDICATED_SERVER
[12Feb2026 00:31:43.096] [main/FATAL] [net.minecraftforge.fml.loading.RuntimeDistCleaner/DISTXFORM]: Attempted to load class net/minecraft/client/particle/ParticleManager for invalid dist DEDICATED_SERVER
[12Feb2026 00:31:43.096] [main/FATAL] [net.minecraftforge.fml.loading.RuntimeDistCleaner/DISTXFORM]: Attempted to load class net/minecraft/client/particle/ParticleManager for invalid dist DEDICATED_SERVER
[12Feb2026 00:31:43.098] [main/FATAL] [net.minecraftforge.fml.loading.RuntimeDistCleaner/DISTXFORM]: Attempted to load class net/minecraft/client/particle/ParticleManager for invalid dist DEDICATED_SERVER
[12Feb2026 00:31:43.099] [main/FATAL] [net.minecraftforge.fml.loading.RuntimeDistCleaner/DISTXFORM]: Attempted to load class net/minecraft/client/particle/ParticleManager for invalid dist DEDICATED_SERVER
[12Feb2026 00:31:43.100] [main/FATAL] [net.minecraftforge.fml.loading.RuntimeDistCleaner/DISTXFORM]: Attempted to load class net/minecraft/client/particle/ParticleManager for invalid dist DEDICATED_SERVER
[12Feb2026 00:31:43.100] [main/FATAL] [net.minecraftforge.fml.loading.RuntimeDistCleaner/DISTXFORM]: Attempted to load class net/minecraft/client/particle/ParticleManager for invalid dist DEDICATED_SERVER
[12Feb2026 00:31:43.101] [main/FATAL] [net.minecraftforge.fml.loading.RuntimeDistCleaner/DISTXFORM]: Attempted to load class net/minecraft/client/particle/ParticleManager for invalid dist DEDICATED_SERVER
[12Feb2026 00:31:43.102] [main/FATAL] [net.minecraftforge.fml.loading.RuntimeDistCleaner/DISTXFORM]: Attempted to load class net/minecraft/client/particle/ParticleManager for invalid dist DEDICATED_SERVER
[12Feb2026 00:31:43.103] [main/FATAL] [net.minecraftforge.fml.loading.RuntimeDistCleaner/DISTXFORM]: Attempted to load class net/minecraft/client/particle/ParticleManager for invalid dist DEDICATED_SERVER
[12Feb2026 00:31:43.104] [main/FATAL] [net.minecraftforge.fml.loading.RuntimeDistCleaner/DISTXFORM]: Attempted to load class net/minecraft/client/particle/ParticleManager for invalid dist DEDICATED_SERVER
[12Feb2026 00:31:43.105] [main/FATAL] [net.minecraftforge.fml.loading.RuntimeDistCleaner/DISTXFORM]: Attempted to load class net/minecraft/client/particle/ParticleManager for invalid dist DEDICATED_SERVER
[12Feb2026 00:31:43.106] [main/FATAL] [net.minecraftforge.fml.loading.RuntimeDistCleaner/DISTXFORM]: Attempted to load class net/minecraft/client/particle/ParticleManager for invalid dist DEDICATED_SERVER
[12Feb2026 00:31:43.107] [main/FATAL] [net.minecraftforge.fml.loading.RuntimeDistCleaner/DISTXFORM]: Attempted to load class net/minecraft/client/particle/ParticleManager for invalid dist DEDICATED_SERVER
[12Feb2026 00:31:43.108] [main/FATAL] [net.minecraftforge.fml.loading.RuntimeDistCleaner/DISTXFORM]: Attempted to load class net/minecraft/client/particle/ParticleManager for invalid dist DEDICATED_SERVER
[12Feb2026 00:31:43.110] [main/FATAL] [net.minecraftforge.fml.loading.RuntimeDistCleaner/DISTXFORM]: Attempted to load class net/minecraft/client/particle/ParticleManager for invalid dist DEDICATED_SERVER
[12Feb2026 00:31:43.111] [main/FATAL] [net.minecraftforge.fml.loading.RuntimeDistCleaner/DISTXFORM]: Attempted to load class net/minecraft/client/particle/ParticleManager for invalid dist DEDICATED_SERVER
[12Feb2026 00:31:43.112] [main/FATAL] [net.minecraftforge.fml.loading.RuntimeDistCleaner/DISTXFORM]: Attempted to load class net/minecraft/client/particle/ParticleManager for invalid dist DEDICATED_SERVER
[12Feb2026 00:31:43.113] [main/FATAL] [net.minecraftforge.fml.loading.RuntimeDistCleaner/DISTXFORM]: Attempted to load class net/minecraft/client/particle/ParticleManager for invalid dist DEDICATED_SERVER
[12Feb2026 00:31:43.116] [main/FATAL] [net.minecraftforge.fml.loading.RuntimeDistCleaner/DISTXFORM]: Attempted to load class net/minecraft/client/particle/ParticleManager for invalid dist DEDICATED_SERVER
[12Feb2026 00:31:43.117] [main/FATAL] [net.minecraftforge.fml.loading.RuntimeDistCleaner/DISTXFORM]: Attempted to load class net/minecraft/client/particle/ParticleManager for invalid dist DEDICATED_SERVER
[12Feb2026 00:31:43.120] [main/FATAL] [net.minecraftforge.fml.loading.RuntimeDistCleaner/DISTXFORM]: Attempted to load class net/minecraft/client/particle/ParticleManager for invalid dist DEDICATED_SERVER
[12Feb2026 00:31:43.120] [main/FATAL] [net.minecraftforge.fml.loading.RuntimeDistCleaner/DISTXFORM]: Attempted to load class net/minecraft/client/particle/ParticleManager for invalid dist DEDICATED_SERVER
[12Feb2026 00:31:43.122] [main/FATAL] [net.minecraftforge.fml.loading.RuntimeDistCleaner/DISTXFORM]: Attempted to load class net/minecraft/client/particle/ParticleManager for invalid dist DEDICATED_SERVER
[12Feb2026 00:31:43.123] [main/FATAL] [net.minecraftforge.fml.loading.RuntimeDistCleaner/DISTXFORM]: Attempted to load class net/minecraft/client/particle/ParticleManager for invalid dist DEDICATED_SERVER
[12Feb2026 00:31:43.127] [main/FATAL] [net.minecraftforge.fml.loading.RuntimeDistCleaner/DISTXFORM]: Attempted to load class net/minecraft/client/particle/ParticleManager for invalid dist DEDICATED_SERVER
[12Feb2026 00:31:43.128] [main/FATAL] [net.minecraftforge.fml.loading.RuntimeDistCleaner/DISTXFORM]: Attempted to load class net/minecraft/client/particle/ParticleManager for invalid dist DEDICATED_SERVER
[12Feb2026 00:31:43.129] [main/FATAL] [net.minecraftforge.fml.loading.RuntimeDistCleaner/DISTXFORM]: Attempted to load class net/minecraft/client/particle/ParticleManager for invalid dist DEDICATED_SERVER
[12Feb2026 00:31:43.129] [main/FATAL] [net.minecraftforge.fml.loading.RuntimeDistCleaner/DISTXFORM]: Attempted to load class net/minecraft/client/particle/ParticleManager for invalid dist DEDICATED_SERVER
[12Feb2026 00:31:43.131] [main/FATAL] [net.minecraftforge.fml.loading.RuntimeDistCleaner/DISTXFORM]: Attempted to load class net/minecraft/client/particle/ParticleManager for invalid dist DEDICATED_SERVER
[12Feb2026 00:31:43.132] [main/FATAL] [net.minecraftforge.fml.loading.RuntimeDistCleaner/DISTXFORM]: Attempted to load class net/minecraft/client/particle/ParticleManager for invalid dist DEDICATED_SERVER
[12Feb2026 00:31:43.133] [main/FATAL] [net.minecraftforge.fml.loading.RuntimeDistCleaner/DISTXFORM]: Attempted to load class net/minecraft/client/particle/ParticleManager for invalid dist DEDICATED_SERVER
[12Feb2026 00:31:43.134] [main/FATAL] [net.minecraftforge.fml.loading.RuntimeDistCleaner/DISTXFORM]: Attempted to load class net/minecraft/client/particle/ParticleManager for invalid dist DEDICATED_SERVER
[12Feb2026 00:31:43.135] [main/FATAL] [net.minecraftforge.fml.loading.RuntimeDistCleaner/DISTXFORM]: Attempted to load class net/minecraft/client/particle/ParticleManager for invalid dist DEDICATED_SERVER
[12Feb2026 00:31:43.136] [main/FATAL] [net.minecraftforge.fml.loading.RuntimeDistCleaner/DISTXFORM]: Attempted to load class net/minecraft/client/particle/ParticleManager for invalid dist DEDICATED_SERVER
[12Feb2026 00:31:43.137] [main/FATAL] [net.minecraftforge.fml.loading.RuntimeDistCleaner/DISTXFORM]: Attempted to load class net/minecraft/client/particle/ParticleManager for invalid dist DEDICATED_SERVER
[12Feb2026 00:31:43.138] [main/FATAL] [net.minecraftforge.fml.loading.RuntimeDistCleaner/DISTXFORM]: Attempted to load class net/minecraft/client/particle/ParticleManager for invalid dist DEDICATED_SERVER
[12Feb2026 00:31:43.140] [main/FATAL] [net.minecraftforge.fml.loading.RuntimeDistCleaner/DISTXFORM]: Attempted to load class net/minecraft/client/particle/ParticleManager for invalid dist DEDICATED_SERVER
[12Feb2026 00:31:43.140] [main/FATAL] [net.minecraftforge.fml.loading.RuntimeDistCleaner/DISTXFORM]: Attempted to load class net/minecraft/client/particle/ParticleManager for invalid dist DEDICATED_SERVER
[12Feb2026 00:31:43.143] [main/FATAL] [net.minecraftforge.fml.loading.RuntimeDistCleaner/DISTXFORM]: Attempted to load class net/minecraft/client/particle/ParticleManager for invalid dist DEDICATED_SERVER
[12Feb2026 00:31:43.144] [main/FATAL] [net.minecraftforge.fml.loading.RuntimeDistCleaner/DISTXFORM]: Attempted to load class net/minecraft/client/particle/ParticleManager for invalid dist DEDICATED_SERVER
[12Feb2026 00:31:43.150] [main/FATAL] [net.minecraftforge.fml.loading.RuntimeDistCleaner/DISTXFORM]: Attempted to load class net/minecraft/client/particle/ParticleManager for invalid dist DEDICATED_SERVER
[12Feb2026 00:31:43.151] [main/FATAL] [net.minecraftforge.fml.loading.RuntimeDistCleaner/DISTXFORM]: Attempted to load class net/minecraft/client/particle/ParticleManager for invalid dist DEDICATED_SERVER
[12Feb2026 00:31:43.165] [main/FATAL] [net.minecraftforge.fml.loading.RuntimeDistCleaner/DISTXFORM]: Attempted to load class net/minecraft/client/particle/ParticleManager for invalid dist DEDICATED_SERVER
[12Feb2026 00:31:43.166] [main/FATAL] [net.minecraftforge.fml.loading.RuntimeDistCleaner/DISTXFORM]: Attempted to load class net/minecraft/client/particle/ParticleManager for invalid dist DEDICATED_SERVER
[12Feb2026 00:31:43.174] [main/FATAL] [net.minecraftforge.fml.loading.RuntimeDistCleaner/DISTXFORM]: Attempted to load class net/minecraft/client/particle/ParticleManager for invalid dist DEDICATED_SERVER
[12Feb2026 00:31:43.175] [main/FATAL] [net.minecraftforge.fml.loading.RuntimeDistCleaner/DISTXFORM]: Attempted to load class net/minecraft/client/particle/ParticleManager for invalid dist DEDICATED_SERVER
[12Feb2026 00:31:43.176] [main/FATAL] [net.minecraftforge.fml.loading.RuntimeDistCleaner/DISTXFORM]: Attempted to load class net/minecraft/client/particle/ParticleManager for invalid dist DEDICATED_SERVER
[12Feb2026 00:31:43.177] [main/FATAL] [net.minecraftforge.fml.loading.RuntimeDistCleaner/DISTXFORM]: Attempted to load class net/minecraft/client/particle/ParticleManager for invalid dist DEDICATED_SERVER
[12Feb2026 00:31:43.196] [main/FATAL] [net.minecraftforge.fml.loading.RuntimeDistCleaner/DISTXFORM]: Attempted to load class net/minecraft/client/particle/ParticleManager for invalid dist DEDICATED_SERVER
[12Feb2026 00:31:43.197] [main/FATAL] [net.minecraftforge.fml.loading.RuntimeDistCleaner/DISTXFORM]: Attempted to load class net/minecraft/client/particle/ParticleManager for invalid dist DEDICATED_SERVER
[12Feb2026 00:31:43.198] [main/FATAL] [net.minecraftforge.fml.loading.RuntimeDistCleaner/DISTXFORM]: Attempted to load class net/minecraft/client/particle/ParticleManager for invalid dist DEDICATED_SERVER
[12Feb2026 00:31:43.199] [main/FATAL] [net.minecraftforge.fml.loading.RuntimeDistCleaner/DISTXFORM]: Attempted to load class net/minecraft/client/particle/ParticleManager for invalid dist DEDICATED_SERVER
[12Feb2026 00:31:43.223] [main/FATAL] [net.minecraftforge.fml.loading.RuntimeDistCleaner/DISTXFORM]: Attempted to load class net/minecraft/client/particle/ParticleManager for invalid dist DEDICATED_SERVER
[12Feb2026 00:31:43.223] [main/FATAL] [net.minecraftforge.fml.loading.RuntimeDistCleaner/DISTXFORM]: Attempted to load class net/minecraft/client/particle/ParticleManager for invalid dist DEDICATED_SERVER
[12Feb2026 00:31:43.238] [main/FATAL] [net.minecraftforge.fml.loading.RuntimeDistCleaner/DISTXFORM]: Attempted to load class net/minecraft/client/particle/ParticleManager for invalid dist DEDICATED_SERVER
[12Feb2026 00:31:43.239] [main/FATAL] [net.minecraftforge.fml.loading.RuntimeDistCleaner/DISTXFORM]: Attempted to load class net/minecraft/client/particle/ParticleManager for invalid dist DEDICATED_SERVER
[12Feb2026 00:31:43.240] [main/FATAL] [net.minecraftforge.fml.loading.RuntimeDistCleaner/DISTXFORM]: Attempted to load class net/minecraft/client/particle/ParticleManager for invalid dist DEDICATED_SERVER
[12Feb2026 00:31:43.241] [main/FATAL] [net.minecraftforge.fml.loading.RuntimeDistCleaner/DISTXFORM]: Attempted to load class net/minecraft/client/particle/ParticleManager for invalid dist DEDICATED_SERVER
[12Feb2026 00:31:44.115] [main/INFO] [com.haoict.tiab.Tiab/]: HELLO from Register Block
[12Feb2026 00:31:45.447] [main/WARN] [net.minecraftforge.registries.ForgeRegistry/REGISTRIES]: Registry minecraft:block: The object Block{immersivepetroleum:distillationtower} has been registered twice for the same name immersivepetroleum:distillationtower.
[12Feb2026 00:31:45.447] [main/WARN] [net.minecraftforge.registries.ForgeRegistry/REGISTRIES]: Registry minecraft:block: The object Block{immersivepetroleum:pumpjack} has been registered twice for the same name immersivepetroleum:pumpjack.
[12Feb2026 00:31:45.448] [main/WARN] [net.minecraftforge.registries.ForgeRegistry/REGISTRIES]: Registry minecraft:block: The object Block{immersivepetroleum:cokerunit} has been registered twice for the same name immersivepetroleum:cokerunit.
[12Feb2026 00:31:45.448] [main/WARN] [net.minecraftforge.registries.ForgeRegistry/REGISTRIES]: Registry minecraft:block: The object Block{immersivepetroleum:hydrotreater} has been registered twice for the same name immersivepetroleum:hydrotreater.
[12Feb2026 00:31:45.475] [main/INFO] [Mystical Agriculture/]: mysticalcustomization tried to register a duplicate crop with name fluorite, skipping
[12Feb2026 00:31:45.476] [main/INFO] [Mystical Agriculture/]: mysticalcustomization tried to register a duplicate crop with name uraninite, skipping
[12Feb2026 00:31:45.645] [main/FATAL] [net.minecraftforge.fml.loading.RuntimeDistCleaner/DISTXFORM]: Attempted to load class net/minecraft/client/particle/ParticleManager for invalid dist DEDICATED_SERVER
[12Feb2026 00:31:45.646] [main/FATAL] [net.minecraftforge.fml.loading.RuntimeDistCleaner/DISTXFORM]: Attempted to load class net/minecraft/client/particle/ParticleManager for invalid dist DEDICATED_SERVER
[12Feb2026 00:31:46.032] [main/INFO] [wile.engineersdecor.ModEngineersDecor/]: Immersive Engineering also installed ...
[12Feb2026 00:31:46.033] [main/INFO] [wile.engineersdecor.ModEngineersDecor/]: Registered 118 blocks.
[12Feb2026 00:31:46.330] [main/INFO] [ipsis.woot.setup.ModSetup/]: registerItems
[12Feb2026 00:31:46.356] [main/INFO] [wile.engineerstools.ModEngineersTools/]: Registered 17 items.
[12Feb2026 00:31:46.633] [main/INFO] [corgiaoc.byg.BYG/]: BYG: Items registered!
[12Feb2026 00:31:46.864] [main/INFO] [wile.rsgauges.ModRsGauges/]: Registered 1 items.
[12Feb2026 00:31:46.907] [main/WARN] [net.minecraftforge.registries.ForgeRegistry/REGISTRIES]: Registry minecraft:item: The object air has been registered twice for the same name minecraft:air.
[12Feb2026 00:31:46.907] [main/WARN] [net.minecraftforge.registries.ForgeRegistry/REGISTRIES]: Registry minecraft:item: The object air has been registered twice for the same name minecraft:air.
[12Feb2026 00:31:46.907] [main/WARN] [net.minecraftforge.registries.ForgeRegistry/REGISTRIES]: Registry minecraft:item: The object air has been registered twice for the same name minecraft:air.
[12Feb2026 00:31:46.940] [main/INFO] [Dark Utilities/]: Registered 53 Item entries in 0.85ms.
[12Feb2026 00:31:46.941] [main/INFO] [Botany Pots/]: Registered 34 Item entries in 0.61ms.
[12Feb2026 00:31:47.439] [main/INFO] [patchouli/]: Loaded book jsons on Thread[main,5,main] in 268 ms
[12Feb2026 00:31:48.032] [main/INFO] [com.ma.ManaAndArtifice/]: M&A -> Block Items Registered
[12Feb2026 00:31:48.319] [main/INFO] [STDOUT/]: [wayoftime.bloodmagic.core.AnointmentRegistrar:parseDefinition:126]: Attempting to load Anointment: modjar://bloodmagic/data/bloodmagic/anointment/melee_damage.json, path: /data/bloodmagic/anointment/melee_damage.json
[12Feb2026 00:31:48.326] [main/INFO] [STDOUT/]: [wayoftime.bloodmagic.core.AnointmentRegistrar:parseDefinition:126]: Attempting to load Anointment: modjar://bloodmagic/data/bloodmagic/anointment/holy_water.json, path: /data/bloodmagic/anointment/holy_water.json
[12Feb2026 00:31:48.326] [main/INFO] [STDOUT/]: [wayoftime.bloodmagic.core.AnointmentRegistrar:parseDefinition:126]: Attempting to load Anointment: modjar://bloodmagic/data/bloodmagic/anointment/hidden_knowledge.json, path: /data/bloodmagic/anointment/hidden_knowledge.json
[12Feb2026 00:31:48.327] [main/INFO] [STDOUT/]: [wayoftime.bloodmagic.core.AnointmentRegistrar:parseDefinition:126]: Attempting to load Anointment: modjar://bloodmagic/data/bloodmagic/anointment/quick_draw.json, path: /data/bloodmagic/anointment/quick_draw.json
[12Feb2026 00:31:48.327] [main/INFO] [STDOUT/]: [wayoftime.bloodmagic.core.AnointmentRegistrar:parseDefinition:126]: Attempting to load Anointment: modjar://bloodmagic/data/bloodmagic/anointment/bow_power.json, path: /data/bloodmagic/anointment/bow_power.json
[12Feb2026 00:31:48.328] [main/INFO] [STDOUT/]: [wayoftime.bloodmagic.core.AnointmentRegistrar:parseDefinition:126]: Attempting to load Anointment: modjar://bloodmagic/data/bloodmagic/anointment/bow_velocity.json, path: /data/bloodmagic/anointment/bow_velocity.json
[12Feb2026 00:31:48.341] [main/INFO] [STDOUT/]: [wayoftime.bloodmagic.core.LivingArmorRegistrar:parseDefinition:223]: Attempting to load Living Armour Upgrade: modjar://bloodmagic/data/bloodmagic/living_armor/arrow_protect.json, path: /data/bloodmagic/living_armor/arrow_protect.json
[12Feb2026 00:31:48.345] [main/INFO] [STDOUT/]: [wayoftime.bloodmagic.core.LivingArmorRegistrar:parseDefinition:223]: Attempting to load Living Armour Upgrade: modjar://bloodmagic/data/bloodmagic/living_armor/fall_protect.json, path: /data/bloodmagic/living_armor/fall_protect.json
[12Feb2026 00:31:48.346] [main/INFO] [STDOUT/]: [wayoftime.bloodmagic.core.LivingArmorRegistrar:parseDefinition:223]: Attempting to load Living Armour Upgrade: modjar://bloodmagic/data/bloodmagic/living_armor/physical_protect.json, path: /data/bloodmagic/living_armor/physical_protect.json
[12Feb2026 00:31:48.347] [main/INFO] [STDOUT/]: [wayoftime.bloodmagic.core.LivingArmorRegistrar:parseDefinition:223]: Attempting to load Living Armour Upgrade: modjar://bloodmagic/data/bloodmagic/living_armor/jump.json, path: /data/bloodmagic/living_armor/jump.json
[12Feb2026 00:31:48.347] [main/INFO] [STDOUT/]: [wayoftime.bloodmagic.core.LivingArmorRegistrar:parseDefinition:223]: Attempting to load Living Armour Upgrade: modjar://bloodmagic/data/bloodmagic/living_armor/health.json, path: /data/bloodmagic/living_armor/health.json
[12Feb2026 00:31:48.348] [main/INFO] [STDOUT/]: [wayoftime.bloodmagic.core.LivingArmorRegistrar:parseDefinition:223]: Attempting to load Living Armour Upgrade: modjar://bloodmagic/data/bloodmagic/living_armor/experienced.json, path: /data/bloodmagic/living_armor/experienced.json
[12Feb2026 00:31:48.349] [main/INFO] [STDOUT/]: [wayoftime.bloodmagic.core.LivingArmorRegistrar:parseDefinition:223]: Attempting to load Living Armour Upgrade: modjar://bloodmagic/data/bloodmagic/living_armor/sprint_attack.json, path: /data/bloodmagic/living_armor/sprint_attack.json
[12Feb2026 00:31:48.350] [main/INFO] [STDOUT/]: [wayoftime.bloodmagic.core.LivingArmorRegistrar:parseDefinition:223]: Attempting to load Living Armour Upgrade: modjar://bloodmagic/data/bloodmagic/living_armor/self_sacrifice.json, path: /data/bloodmagic/living_armor/self_sacrifice.json
[12Feb2026 00:31:48.350] [main/INFO] [STDOUT/]: [wayoftime.bloodmagic.core.LivingArmorRegistrar:parseDefinition:223]: Attempting to load Living Armour Upgrade: modjar://bloodmagic/data/bloodmagic/living_armor/speed.json, path: /data/bloodmagic/living_armor/speed.json
[12Feb2026 00:31:48.351] [main/INFO] [STDOUT/]: [wayoftime.bloodmagic.core.LivingArmorRegistrar:parseDefinition:223]: Attempting to load Living Armour Upgrade: modjar://bloodmagic/data/bloodmagic/living_armor/poison_resist.json, path: /data/bloodmagic/living_armor/poison_resist.json
[12Feb2026 00:31:48.352] [main/INFO] [STDOUT/]: [wayoftime.bloodmagic.core.LivingArmorRegistrar:parseDefinition:223]: Attempting to load Living Armour Upgrade: modjar://bloodmagic/data/bloodmagic/living_armor/fire_resist.json, path: /data/bloodmagic/living_armor/fire_resist.json
[12Feb2026 00:31:48.352] [main/INFO] [STDOUT/]: [wayoftime.bloodmagic.core.LivingArmorRegistrar:parseDefinition:223]: Attempting to load Living Armour Upgrade: modjar://bloodmagic/data/bloodmagic/living_armor/digging.json, path: /data/bloodmagic/living_armor/digging.json
[12Feb2026 00:31:48.353] [main/INFO] [STDOUT/]: [wayoftime.bloodmagic.core.LivingArmorRegistrar:parseDefinition:223]: Attempting to load Living Armour Upgrade: modjar://bloodmagic/data/bloodmagic/living_armor/knockback_resist.json, path: /data/bloodmagic/living_armor/knockback_resist.json
[12Feb2026 00:31:48.354] [main/INFO] [STDOUT/]: [wayoftime.bloodmagic.core.LivingArmorRegistrar:parseDefinition:223]: Attempting to load Living Armour Upgrade: modjar://bloodmagic/data/bloodmagic/living_armor/diamond_protect.json, path: /data/bloodmagic/living_armor/diamond_protect.json
[12Feb2026 00:31:48.355] [main/INFO] [STDOUT/]: [wayoftime.bloodmagic.core.LivingArmorRegistrar:parseDefinition:223]: Attempting to load Living Armour Upgrade: modjar://bloodmagic/data/bloodmagic/living_armor/elytra.json, path: /data/bloodmagic/living_armor/elytra.json
[12Feb2026 00:31:48.355] [main/INFO] [STDOUT/]: [wayoftime.bloodmagic.core.LivingArmorRegistrar:parseDefinition:223]: Attempting to load Living Armour Upgrade: modjar://bloodmagic/data/bloodmagic/living_armor/curios_socket.json, path: /data/bloodmagic/living_armor/curios_socket.json
[12Feb2026 00:31:48.356] [main/INFO] [STDOUT/]: [wayoftime.bloodmagic.core.LivingArmorRegistrar:parseDefinition:223]: Attempting to load Living Armour Upgrade: modjar://bloodmagic/data/bloodmagic/living_armor/melee_damage.json, path: /data/bloodmagic/living_armor/melee_damage.json
[12Feb2026 00:31:48.357] [main/INFO] [STDOUT/]: [wayoftime.bloodmagic.core.LivingArmorRegistrar:parseDefinition:223]: Attempting to load Living Armour Upgrade: modjar://bloodmagic/data/bloodmagic/living_armor/repair.json, path: /data/bloodmagic/living_armor/repair.json
[12Feb2026 00:31:48.357] [main/INFO] [STDOUT/]: [wayoftime.bloodmagic.core.LivingArmorRegistrar:parseDefinition:223]: Attempting to load Living Armour Upgrade: modjar://bloodmagic/data/bloodmagic/living_armor/downgrade/quenched.json, path: /data/bloodmagic/living_armor/downgrade/quenched.json
[12Feb2026 00:31:48.358] [main/INFO] [STDOUT/]: [wayoftime.bloodmagic.core.LivingArmorRegistrar:parseDefinition:223]: Attempting to load Living Armour Upgrade: modjar://bloodmagic/data/bloodmagic/living_armor/downgrade/storm_trooper.json, path: /data/bloodmagic/living_armor/downgrade/storm_trooper.json
[12Feb2026 00:31:48.358] [main/INFO] [STDOUT/]: [wayoftime.bloodmagic.core.LivingArmorRegistrar:parseDefinition:223]: Attempting to load Living Armour Upgrade: modjar://bloodmagic/data/bloodmagic/living_armor/downgrade/battle_hungry.json, path: /data/bloodmagic/living_armor/downgrade/battle_hungry.json
[12Feb2026 00:31:48.359] [main/INFO] [STDOUT/]: [wayoftime.bloodmagic.core.LivingArmorRegistrar:parseDefinition:223]: Attempting to load Living Armour Upgrade: modjar://bloodmagic/data/bloodmagic/living_armor/downgrade/melee_decrease.json, path: /data/bloodmagic/living_armor/downgrade/melee_decrease.json
[12Feb2026 00:31:48.360] [main/INFO] [STDOUT/]: [wayoftime.bloodmagic.core.LivingArmorRegistrar:parseDefinition:223]: Attempting to load Living Armour Upgrade: modjar://bloodmagic/data/bloodmagic/living_armor/downgrade/dig_slowdown.json, path: /data/bloodmagic/living_armor/downgrade/dig_slowdown.json
[12Feb2026 00:31:48.360] [main/INFO] [STDOUT/]: [wayoftime.bloodmagic.core.LivingArmorRegistrar:parseDefinition:223]: Attempting to load Living Armour Upgrade: modjar://bloodmagic/data/bloodmagic/living_armor/downgrade/slow_heal.json, path: /data/bloodmagic/living_armor/downgrade/slow_heal.json
[12Feb2026 00:31:48.363] [main/INFO] [STDOUT/]: [wayoftime.bloodmagic.core.LivingArmorRegistrar:parseDefinition:223]: Attempting to load Living Armour Upgrade: modjar://bloodmagic/data/bloodmagic/living_armor/downgrade/crippled_arm.json, path: /data/bloodmagic/living_armor/downgrade/crippled_arm.json
[12Feb2026 00:31:48.364] [main/INFO] [STDOUT/]: [wayoftime.bloodmagic.core.LivingArmorRegistrar:parseDefinition:223]: Attempting to load Living Armour Upgrade: modjar://bloodmagic/data/bloodmagic/living_armor/downgrade/swim_decrease.json, path: /data/bloodmagic/living_armor/downgrade/swim_decrease.json
[12Feb2026 00:31:48.365] [main/INFO] [STDOUT/]: [wayoftime.bloodmagic.core.LivingArmorRegistrar:parseDefinition:223]: Attempting to load Living Armour Upgrade: modjar://bloodmagic/data/bloodmagic/living_armor/downgrade/speed_decrease.json, path: /data/bloodmagic/living_armor/downgrade/speed_decrease.json
[12Feb2026 00:31:48.531] [main/INFO] [ipsis.woot.setup.ModSetup/]: registerLootModifierSerializer
[12Feb2026 00:31:48.542] [main/INFO] [Bookshelf/]: Registered 11 GlobalLootModifierSerializer entries in 0.2ms.
[12Feb2026 00:31:48.562] [main/INFO] [TerraForged/]: Registering level types
[12Feb2026 00:31:48.641] [main/INFO] [com.ma.ManaAndArtifice/]: M&A -> Ritual Effects Registered
[12Feb2026 00:31:49.071] [main/INFO] [ipsis.woot.setup.ModSetup/]: registerTileEntities
[12Feb2026 00:31:49.073] [main/INFO] [wile.engineerstools.ModEngineersTools/]: Registered 0 tile entities.
[12Feb2026 00:31:49.167] [main/INFO] [corgiaoc.byg.BYG/]: BYG: Block Entities registered!
[12Feb2026 00:31:49.191] [main/INFO] [wile.rsgauges.ModRsGauges/]: Registered 10 tile entities.
[12Feb2026 00:31:49.208] [main/INFO] [Dark Utilities/]: Registered 2 TileEntityType entries in 0.07ms.
[12Feb2026 00:31:49.208] [main/INFO] [Botany Pots/]: Registered 1 TileEntityType entries in 0.03ms.
[12Feb2026 00:31:49.339] [main/INFO] [wayoftime.bloodmagic.BloodMagic/]: Attempting to register Tile Entities
[12Feb2026 00:31:49.407] [main/INFO] [wile.engineersdecor.ModEngineersDecor/]: Registered 18 tile entities.
[12Feb2026 00:31:49.438] [main/INFO] [ipsis.woot.setup.ModSetup/]: registerEnchantments
[12Feb2026 00:31:49.515] [main/WARN] [net.minecraftforge.common.ForgeHooks/]: Called deprecated GlobalEntityTypeAttributes#put for farmingforblockheads:merchant, use EntityAttributeCreationEvent instead.
[12Feb2026 00:31:49.539] [main/INFO] [corgiaoc.byg.BYG/]: BYG: Entities registered!
[12Feb2026 00:31:49.634] [main/WARN] [net.minecraftforge.common.ForgeHooks/]: Called deprecated GlobalEntityTypeAttributes#put for elementalcraft:earthgolem, use EntityAttributeCreationEvent instead.
[12Feb2026 00:31:49.758] [main/INFO] [wile.engineersdecor.ModEngineersDecor/]: Registered 1 entities bound to blocks.
[12Feb2026 00:31:49.870] [main/INFO] [corgiaoc.byg.BYG/]: BYG: Block Entities registered!
[12Feb2026 00:31:50.068] [main/INFO] [com.ma.ManaAndArtifice/]: M&A -> Containers Registered
[12Feb2026 00:31:50.081] [main/INFO] [wile.engineersdecor.ModEngineersDecor/]: Registered 8 containers bound to tile entities.
[12Feb2026 00:31:50.213] [main/INFO] [STDOUT/]: [com.hollingsworth.arsnouveau.client.particle.ModParticles:registerParticles:23]: Rendering particles
[12Feb2026 00:31:50.264] [main/INFO] [com.ma.ManaAndArtifice/]: M&A -> Villager POI Registered
[12Feb2026 00:31:50.808] [main/INFO] [ipsis.woot.setup.ModSetup/]: registerRecipeSerializer
[12Feb2026 00:31:50.895] [main/INFO] [Bookshelf/]: Registered 22 ingredient serializers.
[12Feb2026 00:31:50.896] [main/INFO] [Bookshelf/]: Registered 5 IRecipeSerializer entries in 0.13ms.
[12Feb2026 00:31:50.896] [main/INFO] [Botany Pots/]: Registered 3 IRecipeSerializer entries in 0.05ms.
[12Feb2026 00:31:51.093] [main/INFO] [immersivepetroleum/]: Loading sounds.
[12Feb2026 00:31:51.094] [main/INFO] [corgiaoc.byg.BYG/]: BYG: Sounds registered!
[12Feb2026 00:31:51.121] [main/INFO] [com.ma.ManaAndArtifice/]: M&A -> Villager Professions Registered
[12Feb2026 00:31:52.173] [main/INFO] [corgiaoc.byg.BYG/]: BYG: Biomes registered!
[12Feb2026 00:31:52.198] [main/INFO] [corgiaoc.byg.BYG/]: BYG: Registering block placer types!
[12Feb2026 00:31:52.218] [main/INFO] [corgiaoc.byg.BYG/]: BYG: Decorators registered!
[12Feb2026 00:31:52.218] [main/INFO] [TerraForged/]: Registering decorators
[12Feb2026 00:31:52.268] [main/INFO] [corgiaoc.byg.BYG/]: BYG: Features registered!
[12Feb2026 00:31:52.268] [main/INFO] [TerraForged/]: Registering features
[12Feb2026 00:31:52.407] [main/INFO] [corgiaoc.byg.BYG/]: BYG: Structures registered!
[12Feb2026 00:31:52.524] [main/INFO] [corgiaoc.byg.BYG/]: BYG: Surface builders Registered!
[12Feb2026 00:31:52.715] [Thread-0/INFO] [ModernFix/]: Please use /mfsrc to reload any changed mod config files
[12Feb2026 00:31:52.783] [main/INFO] [PluginManager/]: Executing phase CONFIG_LOAD for plugin class FTBChunksPlugin
[12Feb2026 00:31:52.783] [main/INFO] [PluginManager/]: Executing phase CONFIG_LOAD for plugin class AstralSorceryPlugin
[12Feb2026 00:31:52.784] [main/INFO] [PluginManager/]: Executing phase CONFIG_LOAD for plugin class CuriosPlugin
[12Feb2026 00:31:52.784] [main/INFO] [PluginManager/]: Executing phase CONFIG_LOAD for plugin class ImmersiveEngineeringPlugin
[12Feb2026 00:31:52.785] [main/INFO] [PluginManager/]: Executing phase CONFIG_LOAD for plugin class FTBChunksPlugin
[12Feb2026 00:31:52.785] [main/INFO] [PluginManager/]: Executing phase CONFIG_LOAD for plugin class AstralSorceryPlugin
[12Feb2026 00:31:52.785] [main/INFO] [PluginManager/]: Executing phase CONFIG_LOAD for plugin class CuriosPlugin
[12Feb2026 00:31:52.786] [main/INFO] [PluginManager/]: Executing phase CONFIG_LOAD for plugin class ImmersiveEngineeringPlugin
[12Feb2026 00:31:52.787] [main/INFO] [PluginManager/]: Executing phase CONFIG_LOAD for plugin class FTBChunksPlugin
[12Feb2026 00:31:52.787] [main/INFO] [PluginManager/]: Executing phase CONFIG_LOAD for plugin class AstralSorceryPlugin
[12Feb2026 00:31:52.788] [main/INFO] [PluginManager/]: Executing phase CONFIG_LOAD for plugin class CuriosPlugin
[12Feb2026 00:31:52.788] [main/INFO] [PluginManager/]: Executing phase CONFIG_LOAD for plugin class ImmersiveEngineeringPlugin
[12Feb2026 00:31:52.794] [main/INFO] [PluginManager/]: Executing phase CONFIG_LOAD for plugin class FTBChunksPlugin
[12Feb2026 00:31:52.794] [main/INFO] [PluginManager/]: Executing phase CONFIG_LOAD for plugin class AstralSorceryPlugin
[12Feb2026 00:31:52.795] [main/INFO] [PluginManager/]: Executing phase CONFIG_LOAD for plugin class CuriosPlugin
[12Feb2026 00:31:52.795] [main/INFO] [PluginManager/]: Executing phase CONFIG_LOAD for plugin class ImmersiveEngineeringPlugin
[12Feb2026 00:31:52.799] [main/INFO] [PluginManager/]: Executing phase CONFIG_LOAD for plugin class FTBChunksPlugin
[12Feb2026 00:31:52.799] [main/INFO] [PluginManager/]: Executing phase CONFIG_LOAD for plugin class AstralSorceryPlugin
[12Feb2026 00:31:52.799] [main/INFO] [PluginManager/]: Executing phase CONFIG_LOAD for plugin class CuriosPlugin
[12Feb2026 00:31:52.799] [main/INFO] [PluginManager/]: Executing phase CONFIG_LOAD for plugin class ImmersiveEngineeringPlugin
[12Feb2026 00:31:52.813] [main/INFO] [wile.engineerstools.ModEngineersTools/]: Loading config file engineerstools-common.toml
[12Feb2026 00:31:52.832] [main/INFO] [allthetweaks/]: **********************************************
[12Feb2026 00:31:52.832] [main/INFO] [allthetweaks/]: All The Mods 6 Pack Version:1.9.2 loading
[12Feb2026 00:31:52.833] [main/INFO] [allthetweaks/]: **********************************************
[12Feb2026 00:31:53.013] [main/INFO] [FluxNetworks/]: BLACKLIST RELOADED
[12Feb2026 00:31:53.013] [main/INFO] [FluxNetworks/]: COMMON CONFIG LOADED
[12Feb2026 00:31:53.021] [main/INFO] [me.desht.modularrouters.ModularRouters/]: Common config re-baked
[12Feb2026 00:31:53.030] [main/INFO] [quark/]: Loading Module Chain Linkage
[12Feb2026 00:31:53.032] [main/INFO] [quark/]: Loading Module Chains Connect Blocks
[12Feb2026 00:31:53.033] [main/INFO] [quark/]: Loading Module Chute
[12Feb2026 00:31:53.033] [main/INFO] [quark/]: Loading Module Color Slime
[12Feb2026 00:31:53.033] [main/INFO] [quark/]: Loading Module Dispensers Place Blocks
[12Feb2026 00:31:53.033] [main/INFO] [quark/]: Loading Module Ender Watcher
[12Feb2026 00:31:53.033] [main/INFO] [quark/]: Loading Module Endermites Form Shulkers
[12Feb2026 00:31:53.033] [main/INFO] [quark/]: Loading Module Feeding Trough
[12Feb2026 00:31:53.034] [main/INFO] [quark/]: Loading Module Gravisand
[12Feb2026 00:31:53.034] [main/INFO] [quark/]: Loading Module Iron Rod
[12Feb2026 00:31:53.034] [main/INFO] [quark/]: Loading Module Jukebox Automation
[12Feb2026 00:31:53.035] [main/INFO] [quark/]: Loading Module Metal Buttons
[12Feb2026 00:31:53.035] [main/INFO] [quark/]: Loading Module Obsidian Plate
[12Feb2026 00:31:53.035] [main/INFO] [quark/]: Loading Module Pistons Move Tile Entities
[12Feb2026 00:31:53.035] [main/INFO] [quark/]: Loading Module Redstone Circuit
[12Feb2026 00:31:53.036] [main/INFO] [quark/]: Loading Module Weather Sensor
[12Feb2026 00:31:53.036] [main/INFO] [quark/]: Loading Module Bamboo Mat
[12Feb2026 00:31:53.036] [main/INFO] [quark/]: Loading Module Burn Vines
[12Feb2026 00:31:53.036] [main/INFO] [quark/]: Loading Module Celebratory Lamps
[12Feb2026 00:31:53.036] [main/INFO] [quark/]: Loading Module Cobblestone Bricks
[12Feb2026 00:31:53.036] [main/INFO] [quark/]: Loading Module Compressed Blocks
[12Feb2026 00:31:53.036] [main/INFO] [quark/]: Loading Module Duskbound Blocks
[12Feb2026 00:31:53.037] [main/INFO] [quark/]: Loading Module Framed Glass
[12Feb2026 00:31:53.037] [main/INFO] [quark/]: Loading Module Gold Bars
[12Feb2026 00:31:53.037] [main/INFO] [quark/]: Loading Module Grate
[12Feb2026 00:31:53.037] [main/INFO] [quark/]: Loading Module Hedges
[12Feb2026 00:31:53.037] [main/INFO] [quark/]: Loading Module Iron Plates
[12Feb2026 00:31:53.037] [main/INFO] [quark/]: Loading Module Item Frames
[12Feb2026 00:31:53.037] [main/INFO] [quark/]: Loading Module Leaf Carpet
[12Feb2026 00:31:53.037] [main/INFO] [quark/]: Loading Module Lit Lamp
[12Feb2026 00:31:53.037] [main/INFO] [quark/]: Loading Module Midori
[12Feb2026 00:31:53.037] [main/INFO] [quark/]: Loading Module More Brick Types
[12Feb2026 00:31:53.037] [main/INFO] [quark/]: Loading Module More Potted Plants
[12Feb2026 00:31:53.037] [main/INFO] [quark/]: Loading Module More Stone Variants
[12Feb2026 00:31:53.038] [main/INFO] [quark/]: Loading Module Nether Brick Fence Gate
[12Feb2026 00:31:53.038] [main/INFO] [quark/]: Loading Module Paper Decor
[12Feb2026 00:31:53.038] [main/INFO] [quark/]: Loading Module Quilted Wool
[12Feb2026 00:31:53.038] [main/INFO] [quark/]: Loading Module Rope
[12Feb2026 00:31:53.038] [main/INFO] [quark/]: Loading Module Shallow Dirt
[12Feb2026 00:31:53.038] [main/INFO] [quark/]: Loading Module Shingles
[12Feb2026 00:31:53.039] [main/INFO] [quark/]: Loading Module Soul Sandstone
[12Feb2026 00:31:53.039] [main/INFO] [quark/]: Loading Module Stained Planks
[12Feb2026 00:31:53.039] [main/INFO] [quark/]: Loading Module Stools
[12Feb2026 00:31:53.039] [main/INFO] [quark/]: Loading Module Sturdy Stone
[12Feb2026 00:31:53.039] [main/INFO] [quark/]: Loading Module Tallow And Candles
[12Feb2026 00:31:53.040] [main/INFO] [quark/]: Loading Module Thatch
[12Feb2026 00:31:53.041] [main/INFO] [quark/]: Loading Module Tie Leads To Fences
[12Feb2026 00:31:53.041] [main/INFO] [quark/]: Loading Module Turf
[12Feb2026 00:31:53.041] [main/INFO] [quark/]: Loading Module Variant Bookshelves
[12Feb2026 00:31:53.041] [main/INFO] [quark/]: Loading Module Variant Chests
[12Feb2026 00:31:53.042] [main/INFO] [quark/]: Loading Module Variant Ladders
[12Feb2026 00:31:53.042] [main/INFO] [quark/]: Loading Module Vertical Planks
[12Feb2026 00:31:53.042] [main/INFO] [quark/]: Loading Module Vertical Slabs
[12Feb2026 00:31:53.042] [main/INFO] [quark/]: Loading Module Wooden Posts
[12Feb2026 00:31:53.042] [main/INFO] [quark/]: Loading Module Chests In Boats
[12Feb2026 00:31:53.042] [main/INFO] [quark/]: Loading Module Easy Transfering
[12Feb2026 00:31:53.042] [main/INFO] [quark/]: Loading Module Hotbar Changer
[12Feb2026 00:31:53.043] [main/INFO] [quark/]: Loading Module Inventory Sorting
[12Feb2026 00:31:53.043] [main/INFO] [quark/]: Loading Module Item Sharing
[12Feb2026 00:31:53.043] [main/INFO] [quark/]: Loading Module Right Click Armor
[12Feb2026 00:31:53.043] [main/INFO] [quark/]: Loading Module Shulker Box Right Click
[12Feb2026 00:31:53.044] [main/INFO] [quark/]: Loading Module Endermosh Music Disc
[12Feb2026 00:31:53.045] [main/INFO] [quark/]: Loading Module Abacus
[12Feb2026 00:31:53.045] [main/INFO] [quark/]: Loading Module Ambient Discs
[12Feb2026 00:31:53.045] [main/INFO] [quark/]: Loading Module Ancient Tomes
[12Feb2026 00:31:53.046] [main/INFO] [quark/]: Loading Module Bottled Cloud
[12Feb2026 00:31:53.047] [main/INFO] [quark/]: Loading Module Camera
[12Feb2026 00:31:53.047] [main/INFO] [quark/]: Loading Module Color Runes
[12Feb2026 00:31:53.048] [main/INFO] [quark/]: Loading Module Pathfinder Maps
[12Feb2026 00:31:53.049] [main/INFO] [quark/]: Loading Module Pickarang
[12Feb2026 00:31:53.049] [main/INFO] [quark/]: Loading Module Seed Pouch
[12Feb2026 00:31:53.050] [main/INFO] [quark/]: Loading Module Slime In A Bucket
[12Feb2026 00:31:53.051] [main/INFO] [quark/]: Loading Module Trowel
[12Feb2026 00:31:53.051] [main/INFO] [quark/]: Loading Module Skull Pikes
[12Feb2026 00:31:53.051] [main/INFO] [quark/]: Loading Module Armed Armor Stands
[12Feb2026 00:31:53.052] [main/INFO] [quark/]: Loading Module Automatic Recipe Unlock
[12Feb2026 00:31:53.052] [main/INFO] [quark/]: Loading Module Axe Leaf Harvesting
[12Feb2026 00:31:53.052] [main/INFO] [quark/]: Loading Module Better Elytra Rocket
[12Feb2026 00:31:53.053] [main/INFO] [quark/]: Loading Module Campfires Boost Elytra
[12Feb2026 00:31:53.053] [main/INFO] [quark/]: Loading Module Compasses Work Everywhere
[12Feb2026 00:31:53.053] [main/INFO] [quark/]: Loading Module Dirt To Path
[12Feb2026 00:31:53.053] [main/INFO] [quark/]: Loading Module Double Door Opening
[12Feb2026 00:31:53.053] [main/INFO] [quark/]: Loading Module Dragon Scales
[12Feb2026 00:31:53.054] [main/INFO] [quark/]: Loading Module Emotes
[12Feb2026 00:31:53.054] [main/INFO] [quark/]: Loading Module Enhanced Ladders
[12Feb2026 00:31:53.054] [main/INFO] [quark/]: Loading Module Glass Shard
[12Feb2026 00:31:53.054] [main/INFO] [quark/]: Loading Module Hoe Harvesting
[12Feb2026 00:31:53.055] [main/INFO] [quark/]: Loading Module Improved Sleeping
[12Feb2026 00:31:53.056] [main/INFO] [quark/]: Loading Module Infinity Bucket
[12Feb2026 00:31:53.057] [main/INFO] [quark/]: Loading Module Lava Bucket As Trash
[12Feb2026 00:31:53.058] [main/INFO] [quark/]: Loading Module Lock Rotation
[12Feb2026 00:31:53.059] [main/INFO] [quark/]: Loading Module More Banner Layers
[12Feb2026 00:31:53.059] [main/INFO] [quark/]: Loading Module Note Block Mob Sounds
[12Feb2026 00:31:53.059] [main/INFO] [quark/]: Loading Module Pat The Dogs
[12Feb2026 00:31:53.061] [main/INFO] [quark/]: Loading Module Poison Potato Usage
[12Feb2026 00:31:53.061] [main/INFO] [quark/]: Loading Module Reacharound Placing
[12Feb2026 00:31:53.062] [main/INFO] [quark/]: Loading Module Replace Scaffolding
[12Feb2026 00:31:53.062] [main/INFO] [quark/]: Loading Module Sign Editing
[12Feb2026 00:31:53.063] [main/INFO] [quark/]: Loading Module Simple Harvest
[12Feb2026 00:31:53.063] [main/INFO] [quark/]: Loading Module Snow Golem Player Heads
[12Feb2026 00:31:53.064] [main/INFO] [quark/]: Loading Module Springy Slime
[12Feb2026 00:31:53.064] [main/INFO] [quark/]: Loading Module Utility Recipes
[12Feb2026 00:31:53.064] [main/INFO] [quark/]: Loading Module Villagers Follow Emeralds
[12Feb2026 00:31:53.065] [main/INFO] [quark/]: Loading Module Big Dungeon
[12Feb2026 00:31:53.065] [main/INFO] [quark/]: Loading Module Big Stone Clusters
[12Feb2026 00:31:53.066] [main/INFO] [quark/]: Loading Module Biotite
[12Feb2026 00:31:53.066] [main/INFO] [quark/]: Loading Module Blossom Trees
[12Feb2026 00:31:53.066] [main/INFO] [quark/]: Loading Module Cave Roots
[12Feb2026 00:31:53.067] [main/INFO] [quark/]: Loading Module Chorus Vegetation
[12Feb2026 00:31:53.067] [main/INFO] [quark/]: Loading Module Crevices
[12Feb2026 00:31:53.067] [main/INFO] [quark/]: Loading Module Deepslate
[12Feb2026 00:31:53.067] [main/INFO] [quark/]: Loading Module Fairy Rings
[12Feb2026 00:31:53.067] [main/INFO] [quark/]: Loading Module Mega Caves
[12Feb2026 00:31:53.067] [main/INFO] [quark/]: Loading Module Monster Box
[12Feb2026 00:31:53.067] [main/INFO] [quark/]: Loading Module Nether Obsidian Spikes
[12Feb2026 00:31:53.067] [main/INFO] [quark/]: Loading Module New Stone Types
[12Feb2026 00:31:53.068] [main/INFO] [quark/]: Loading Module Realistic World Gen
[12Feb2026 00:31:53.068] [main/INFO] [quark/]: Loading Module Speleothems
[12Feb2026 00:31:53.068] [main/INFO] [quark/]: Loading Module Spiral Spires
[12Feb2026 00:31:53.069] [main/INFO] [quark/]: Loading Module Underground Clay
[12Feb2026 00:31:53.069] [main/INFO] [quark/]: Loading Module Brimstone Underground Biome
[12Feb2026 00:31:53.069] [main/INFO] [quark/]: Loading Module Cave Crystal Underground Biome
[12Feb2026 00:31:53.069] [main/INFO] [quark/]: Loading Module Elder Prismarine Underground Biome
[12Feb2026 00:31:53.069] [main/INFO] [quark/]: Loading Module Glowshroom Underground Biome
[12Feb2026 00:31:53.069] [main/INFO] [quark/]: Loading Module Lush Underground Biome
[12Feb2026 00:31:53.069] [main/INFO] [quark/]: Loading Module Overgrown Underground Biome
[12Feb2026 00:31:53.069] [main/INFO] [quark/]: Loading Module Permafrost Underground Biome
[12Feb2026 00:31:53.069] [main/INFO] [quark/]: Loading Module Sandstone Underground Biome
[12Feb2026 00:31:53.070] [main/INFO] [quark/]: Loading Module Slime Underground Biome
[12Feb2026 00:31:53.070] [main/INFO] [quark/]: Loading Module Spider Nest Underground Biome
[12Feb2026 00:31:53.071] [main/INFO] [quark/]: Loading Module Crabs
[12Feb2026 00:31:53.071] [main/INFO] [quark/]: Loading Module Forgotten
[12Feb2026 00:31:53.071] [main/INFO] [quark/]: Loading Module Foxhound
[12Feb2026 00:31:53.072] [main/INFO] [quark/]: Loading Module Frogs
[12Feb2026 00:31:53.072] [main/INFO] [quark/]: Loading Module Stonelings
[12Feb2026 00:31:53.073] [main/INFO] [quark/]: Loading Module Toretoise
[12Feb2026 00:31:53.073] [main/INFO] [quark/]: Loading Module Wraith
[12Feb2026 00:31:53.073] [main/INFO] [quark/]: Loading Module Auto Walk Keybind
[12Feb2026 00:31:53.073] [main/INFO] [quark/]: Loading Module Back Button Keybind
[12Feb2026 00:31:53.073] [main/INFO] [quark/]: Loading Module Chest Searching
[12Feb2026 00:31:53.073] [main/INFO] [quark/]: Loading Module Greener Grass
[12Feb2026 00:31:53.074] [main/INFO] [quark/]: Loading Module Improved Mount Hud
[12Feb2026 00:31:53.074] [main/INFO] [quark/]: Loading Module Improved Tooltips
[12Feb2026 00:31:53.074] [main/INFO] [quark/]: Loading Module Usage Ticker
[12Feb2026 00:31:53.074] [main/INFO] [quark/]: Loading Module Variant Animal Textures
[12Feb2026 00:31:53.074] [main/INFO] [quark/]: Loading Module Backpack
[12Feb2026 00:31:53.074] [main/INFO] [quark/]: Loading Module Crate
[12Feb2026 00:31:53.074] [main/INFO] [quark/]: Loading Module Magnets
[12Feb2026 00:31:53.074] [main/INFO] [quark/]: Loading Module Matrix Enchanting
[12Feb2026 00:31:53.074] [main/INFO] [quark/]: Loading Module Pipes
[12Feb2026 00:31:53.074] [main/INFO] [quark/]: Loading Module Totem Of Holding
[12Feb2026 00:31:53.074] [main/INFO] [quark/]: Loading Module Adjustable Chat
[12Feb2026 00:31:53.074] [main/INFO] [quark/]: Loading Module Custom Underground Biome
[12Feb2026 00:31:53.074] [main/INFO] [quark/]: Loading Module Game Nerfs
[12Feb2026 00:31:53.074] [main/INFO] [quark/]: Loading Module Microcrafting Helper
[12Feb2026 00:31:53.075] [main/INFO] [quark/]: Loading Module Narrator Readout
[12Feb2026 00:31:53.075] [main/INFO] [quark/]: Loading Module Overlay Shader
[12Feb2026 00:31:53.075] [main/INFO] [quark/]: Loading Module Pallet
[12Feb2026 00:31:53.075] [main/INFO] [quark/]: Loading Module Shiba
[12Feb2026 00:31:53.112] [modloading-worker-3/INFO] [HammerLib/]: Setup HammerLib networking!
[12Feb2026 00:31:53.130] [modloading-worker-1/INFO] [integrateddynamics/]: Registered packet handler.
[12Feb2026 00:31:53.190] [modloading-worker-2/INFO] [com.dynamic_view.DynView/]: Zooming chunks initiated!
[12Feb2026 00:31:53.195] [modloading-worker-3/INFO] [mods.waterstrainer.WaterStrainer/]: --- LootTable import: Start ---
[12Feb2026 00:31:53.210] [modloading-worker-3/INFO] [mods.waterstrainer.WaterStrainer/]: [SUCCESS] Line 13: Added loot to table: Strainer: strainer_survivalist - Item: minecraft:sand - Count: 1 - Group: null - Chance: 30 - Subchance: 100 - NBT: null
[12Feb2026 00:31:53.210] [modloading-worker-3/INFO] [mods.waterstrainer.WaterStrainer/]: [SUCCESS] Line 14: Added loot to table: Strainer: strainer_survivalist - Item: minecraft:dirt - Count: 1 - Group: null - Chance: 20 - Subchance: 100 - NBT: null
[12Feb2026 00:31:53.211] [modloading-worker-3/INFO] [mods.waterstrainer.WaterStrainer/]: [SUCCESS] Line 15: Added loot to table: Strainer: strainer_survivalist - Item: minecraft:stick - Count: 1 - Group: null - Chance: 20 - Subchance: 100 - NBT: null
[12Feb2026 00:31:53.211] [modloading-worker-3/INFO] [mods.waterstrainer.WaterStrainer/]: [SUCCESS] Line 16: Added loot to table: Strainer: strainer_survivalist - Item: minecraft:clay_ball - Count: 1 - Group: null - Chance: 15 - Subchance: 100 - NBT: null
[12Feb2026 00:31:53.211] [modloading-worker-3/INFO] [mods.waterstrainer.WaterStrainer/]: [SUCCESS] Line 17: Added loot to table: Strainer: strainer_survivalist - Item: minecraft:gravel - Count: 1 - Group: null - Chance: 13 - Subchance: 100 - NBT: null
[12Feb2026 00:31:53.211] [modloading-worker-3/INFO] [mods.waterstrainer.WaterStrainer/]: [SUCCESS] Line 18: Added loot to table: Strainer: strainer_survivalist - Item: minecraft:iron_nugget - Count: 1 - Group: NUGGET - Chance: 2 - Subchance: 75 - NBT: null
[12Feb2026 00:31:53.211] [modloading-worker-3/INFO] [mods.waterstrainer.WaterStrainer/]: [SUCCESS] Line 19: Added loot to table: Strainer: strainer_survivalist - Item: minecraft:gold_nugget - Count: 1 - Group: NUGGET - Chance: 2 - Subchance: 25 - NBT: null
[12Feb2026 00:31:53.211] [modloading-worker-3/INFO] [mods.waterstrainer.WaterStrainer/]: [SUCCESS] Line 21: Copied loot table data from <parent> 'strainer_survivalist' to <child> 'strainer_survivalist_solid'
[12Feb2026 00:31:53.211] [modloading-worker-3/INFO] [mods.waterstrainer.WaterStrainer/]: [SUCCESS] Line 22: Copied loot table data from <parent> 'strainer_survivalist' to <child> 'strainer_survivalist_reinforced'
[12Feb2026 00:31:53.211] [modloading-worker-3/INFO] [mods.waterstrainer.WaterStrainer/]: [SUCCESS] Line 25: Added loot to table: Strainer: strainer_fisherman - Item: minecraft:cod - Count: 1 - Group: FISH - Chance: 100 - Subchance: 60 - NBT: null
[12Feb2026 00:31:53.211] [modloading-worker-3/INFO] [mods.waterstrainer.WaterStrainer/]: [SUCCESS] Line 26: Added loot to table: Strainer: strainer_fisherman - Item: minecraft:salmon - Count: 1 - Group: FISH - Chance: 100 - Subchance: 25 - NBT: null
[12Feb2026 00:31:53.211] [modloading-worker-3/INFO] [mods.waterstrainer.WaterStrainer/]: [SUCCESS] Line 27: Added loot to table: Strainer: strainer_fisherman - Item: minecraft:pufferfish - Count: 1 - Group: FISH - Chance: 100 - Subchance: 13 - NBT: null
[12Feb2026 00:31:53.212] [modloading-worker-3/INFO] [mods.waterstrainer.WaterStrainer/]: [SUCCESS] Line 28: Added loot to table: Strainer: strainer_fisherman - Item: minecraft:tropical_fish - Count: 1 - Group: FISH - Chance: 100 - Subchance: 2 - NBT: null
[12Feb2026 00:31:53.212] [modloading-worker-3/INFO] [mods.waterstrainer.WaterStrainer/]: [SUCCESS] Line 29: Added loot to table: Strainer: strainer_fisherman - Item: minecraft:stick - Count: 1 - Group: JUNK - Chance: 30 - Subchance: 22 - NBT: null
[12Feb2026 00:31:53.212] [modloading-worker-3/INFO] [mods.waterstrainer.WaterStrainer/]: [SUCCESS] Line 30: Added loot to table: Strainer: strainer_fisherman - Item: minecraft:string - Count: 1 - Group: JUNK - Chance: 30 - Subchance: 13 - NBT: null
[12Feb2026 00:31:53.212] [modloading-worker-3/INFO] [mods.waterstrainer.WaterStrainer/]: [SUCCESS] Line 31: Added loot to table: Strainer: strainer_fisherman - Item: minecraft:leather - Count: 1 - Group: JUNK - Chance: 30 - Subchance: 13 - NBT: null
[12Feb2026 00:31:53.212] [modloading-worker-3/INFO] [mods.waterstrainer.WaterStrainer/]: [SUCCESS] Line 32: Added loot to table: Strainer: strainer_fisherman - Item: minecraft:rotten_flesh - Count: 1 - Group: JUNK - Chance: 30 - Subchance: 13 - NBT: null
[12Feb2026 00:31:53.212] [modloading-worker-3/INFO] [mods.waterstrainer.WaterStrainer/]: [SUCCESS] Line 33: Added loot to table: Strainer: strainer_fisherman - Item: minecraft:bone - Count: 1 - Group: JUNK - Chance: 30 - Subchance: 13 - NBT: null
[12Feb2026 00:31:53.212] [modloading-worker-3/INFO] [mods.waterstrainer.WaterStrainer/]: [SUCCESS] Line 34: Added loot to table: Strainer: strainer_fisherman - Item: minecraft:glass_bottle - Count: 1 - Group: JUNK - Chance: 30 - Subchance: 12 - NBT: null
[12Feb2026 00:31:53.212] [modloading-worker-3/INFO] [mods.waterstrainer.WaterStrainer/]: [SUCCESS] Line 35: Added loot to table: Strainer: strainer_fisherman - Item: minecraft:lily_pad - Count: 1 - Group: JUNK - Chance: 30 - Subchance: 7 - NBT: null
[12Feb2026 00:31:53.212] [modloading-worker-3/INFO] [mods.waterstrainer.WaterStrainer/]: [SUCCESS] Line 36: Added loot to table: Strainer: strainer_fisherman - Item: minecraft:vine - Count: 1 - Group: JUNK - Chance: 30 - Subchance: 7 - NBT: null
[12Feb2026 00:31:53.212] [modloading-worker-3/INFO] [mods.waterstrainer.WaterStrainer/]: [SUCCESS] Line 37: Added loot to table: Strainer: strainer_fisherman - Item: minecraft:enchanted_book - Count: 1 - Group: null - Chance: 1 - Subchance: 100 - NBT: null
[12Feb2026 00:31:53.212] [modloading-worker-3/INFO] [mods.waterstrainer.WaterStrainer/]: [SUCCESS] Line 38: Added loot to table: Strainer: strainer_fisherman - Item: $BLANK$ - Count: 1 - Group: null - Chance: 69 - Subchance: 100 - NBT: null
[12Feb2026 00:31:53.221] [modloading-worker-3/INFO] [mods.waterstrainer.WaterStrainer/]: [SUCCESS] Line 40: Copied loot table data from <parent> 'strainer_fisherman' to <child> 'strainer_fisherman_solid'
[12Feb2026 00:31:53.221] [modloading-worker-3/INFO] [mods.waterstrainer.WaterStrainer/]: [SUCCESS] Line 41: Copied loot table data from <parent> 'strainer_fisherman' to <child> 'strainer_fisherman_reinforced'
[12Feb2026 00:31:53.221] [modloading-worker-3/INFO] [mods.waterstrainer.WaterStrainer/]: Result: Found 0 errors
[12Feb2026 00:31:53.221] [modloading-worker-3/INFO] [mods.waterstrainer.WaterStrainer/]: --- LootTable import: End ---
[12Feb2026 00:31:53.227] [modloading-worker-2/INFO] [PluginManager/]: Executing phase COMMON_SETUP for plugin class FTBChunksPlugin
[12Feb2026 00:31:53.227] [modloading-worker-2/INFO] [PluginManager/]: Executing phase COMMON_SETUP for plugin class AstralSorceryPlugin
[12Feb2026 00:31:53.227] [modloading-worker-2/INFO] [PluginManager/]: Executing phase COMMON_SETUP for plugin class CuriosPlugin
[12Feb2026 00:31:53.227] [modloading-worker-2/INFO] [PluginManager/]: Executing phase COMMON_SETUP for plugin class ImmersiveEngineeringPlugin
[12Feb2026 00:31:53.260] [modloading-worker-0/INFO] [net.minecraftforge.coremod.CoreMod.apotheosis/COREMODLOG]: Patching EnchantmentHelper#getEnchantmentModifierDamage
[12Feb2026 00:31:53.265] [modloading-worker-0/INFO] [net.minecraftforge.coremod.CoreMod.apotheosis/COREMODLOG]: Patching EnchantmentHelper#getModifierForCreature
[12Feb2026 00:31:53.282] [modloading-worker-0/INFO] [net.minecraftforge.coremod.CoreMod.apotheosis/COREMODLOG]: Patching EnchantmentHelper#applyThornEnchantments
[12Feb2026 00:31:53.285] [modloading-worker-0/INFO] [net.minecraftforge.coremod.CoreMod.apotheosis/COREMODLOG]: Patching EnchantmentHelper#applyArthropodEnchantments
[12Feb2026 00:31:53.291] [modloading-worker-0/INFO] [net.minecraftforge.coremod.CoreMod.apotheosis/COREMODLOG]: Patching buildEnchantmentList for the Enchantability affix.
[12Feb2026 00:31:53.310] [modloading-worker-0/INFO] [net.minecraftforge.coremod.CoreMod.apotheosis/COREMODLOG]: Patching EnchantmentHelper#getEnchantmentDatas
[12Feb2026 00:31:53.317] [modloading-worker-0/INFO] [net.minecraftforge.coremod.CoreMod.apotheosis/COREMODLOG]: Patching vazkii/quark/content/tools/module/AncientTomesModule
[12Feb2026 00:31:53.434] [modloading-worker-3/INFO] [thetadev.constructionwand.ConstructionWand/]: ConstructionWand says hello - may the odds be ever in your favor.
[12Feb2026 00:31:53.440] [modloading-worker-1/INFO] [Nature's Aura/]: Loading compat module for mod patchouli
[12Feb2026 00:31:53.440] [modloading-worker-1/INFO] [Nature's Aura/]: Loading compat module for mod curios
[12Feb2026 00:31:53.448] [modloading-worker-3/INFO] [thetadev.constructionwand.ConstructionWand/]: Botania integration added
[12Feb2026 00:31:53.518] [modloading-worker-3/INFO] [codechicken.mixin.forge.SidedGenerator/]: Trait: codechicken/multipart/trait/TTileChangeTile
[12Feb2026 00:31:53.519] [modloading-worker-3/INFO] [codechicken.mixin.forge.SidedGenerator/]:     Marker: codechicken/multipart/api/part/INeighborTileChangePart, Side: SERVER
[12Feb2026 00:31:53.526] [modloading-worker-2/INFO] [codechicken.mixin.forge.SidedGenerator/]: Trait: mrtjp/projectred/illumination/part/IllumarLampMicroblock
[12Feb2026 00:31:53.527] [modloading-worker-2/INFO] [codechicken.mixin.forge.SidedGenerator/]:     Marker: mrtjp/projectred/illumination/part/IllumarLampMicroblockMixinMarker, Side: COMMON
[12Feb2026 00:31:53.567] [modloading-worker-3/INFO] [codechicken.mixin.forge.SidedGenerator/]: Trait: codechicken/multipart/trait/TTickableTile
[12Feb2026 00:31:53.568] [modloading-worker-3/INFO] [codechicken.mixin.forge.SidedGenerator/]:     Marker: codechicken/multipart/api/part/ITickablePart, Side: COMMON
[12Feb2026 00:31:53.588] [modloading-worker-3/INFO] [codechicken.mixin.forge.SidedGenerator/]: Trait: codechicken/multipart/trait/TSlottedTile
[12Feb2026 00:31:53.592] [modloading-worker-3/INFO] [codechicken.mixin.forge.SidedGenerator/]:     Marker: codechicken/multipart/api/part/TSlottedPart, Side: COMMON
[12Feb2026 00:31:53.607] [modloading-worker-3/INFO] [codechicken.mixin.forge.SidedGenerator/]: Trait: codechicken/multipart/trait/TRedstoneTile
[12Feb2026 00:31:53.608] [modloading-worker-3/INFO] [codechicken.mixin.forge.SidedGenerator/]:     Marker: codechicken/multipart/api/part/redstone/IRedstonePart, Side: COMMON
[12Feb2026 00:31:53.614] [modloading-worker-0/INFO] [ipsis.woot.policy.PolicyRegistry/]: Blacklisting capturing of all entities from cyberware
[12Feb2026 00:31:53.615] [modloading-worker-0/INFO] [ipsis.woot.policy.PolicyRegistry/]: Blacklisting capturing of all entities from withercrumbs
[12Feb2026 00:31:53.619] [modloading-worker-0/INFO] [ipsis.woot.policy.PolicyRegistry/]: Blacklisting capturing of twighlightforest:knight_phantom
[12Feb2026 00:31:53.619] [modloading-worker-0/INFO] [ipsis.woot.policy.PolicyRegistry/]: Blacklisting capturing of twighlightforest:lich
[12Feb2026 00:31:53.619] [modloading-worker-0/INFO] [ipsis.woot.policy.PolicyRegistry/]: Blacklisting capturing of twighlightforest:quest_ram
[12Feb2026 00:31:53.619] [modloading-worker-0/INFO] [ipsis.woot.policy.PolicyRegistry/]: Blacklisting capturing of iceandfire:myrmex_worker
[12Feb2026 00:31:53.619] [modloading-worker-0/INFO] [ipsis.woot.policy.PolicyRegistry/]: Blacklisting capturing of iceandfire:myrmex_soldier
[12Feb2026 00:31:53.620] [modloading-worker-0/INFO] [ipsis.woot.policy.PolicyRegistry/]: Blacklisting capturing of iceandfire:myrmex_sentinel
[12Feb2026 00:31:53.620] [modloading-worker-0/INFO] [ipsis.woot.policy.PolicyRegistry/]: Blacklisting capturing of iceandfire:myrmex_royal
[12Feb2026 00:31:53.620] [modloading-worker-0/INFO] [ipsis.woot.policy.PolicyRegistry/]: Blacklisting capturing of iceandfire:myrmex_queen
[12Feb2026 00:31:53.622] [modloading-worker-0/INFO] [ipsis.woot.policy.PolicyRegistry/]: Blacklisting learning of all items from cyberware
[12Feb2026 00:31:53.622] [modloading-worker-0/INFO] [ipsis.woot.policy.PolicyRegistry/]: Blacklisting learning of all items from ebwizardry
[12Feb2026 00:31:53.622] [modloading-worker-0/INFO] [ipsis.woot.policy.PolicyRegistry/]: Blacklisting learning of all items from eplus
[12Feb2026 00:31:53.622] [modloading-worker-0/INFO] [ipsis.woot.policy.PolicyRegistry/]: Blacklisting learning of all items from everlastingabilities
[12Feb2026 00:31:53.622] [modloading-worker-0/INFO] [ipsis.woot.policy.PolicyRegistry/]: Blacklisting learning of rftoolsdim:empty_dimlet
[12Feb2026 00:31:53.622] [modloading-worker-0/INFO] [ipsis.woot.policy.PolicyRegistry/]: Blacklisting learning of rftoolsdim:empty_terrain_dimlet
[12Feb2026 00:31:53.623] [modloading-worker-0/INFO] [ipsis.woot.policy.PolicyRegistry/]: Blacklisting learning of rftoolsdim:empty_attribute_dimlet
[12Feb2026 00:31:53.623] [modloading-worker-0/INFO] [ipsis.woot.policy.PolicyRegistry/]: Blacklisting learning of rftoolsdim:empty_feature_dimlet
[12Feb2026 00:31:53.623] [modloading-worker-0/INFO] [ipsis.woot.policy.PolicyRegistry/]: Blacklisting learning of rftoolsdim:empty_biome_dimlet
[12Feb2026 00:31:53.623] [modloading-worker-0/INFO] [ipsis.woot.policy.PolicyRegistry/]: Blacklisting learning of rftoolsdim:empty_biome_controller_dimlet
[12Feb2026 00:31:53.623] [modloading-worker-0/INFO] [ipsis.woot.policy.PolicyRegistry/]: Blacklisting learning of rftoolsdim:empty_biome_controller_dimlet
[12Feb2026 00:31:53.624] [modloading-worker-0/INFO] [ipsis.woot.policy.PolicyRegistry/]: Blacklisting learning of rftoolsdim:empty_block_dimlet
[12Feb2026 00:31:53.624] [modloading-worker-0/INFO] [ipsis.woot.policy.PolicyRegistry/]: Blacklisting learning of rftoolsdim:empty_fluid_dimlet
[12Feb2026 00:31:53.624] [modloading-worker-0/INFO] [ipsis.woot.policy.PolicyRegistry/]: Blacklisting learning of rftoolsdim:empty_time_dimlet
[12Feb2026 00:31:53.624] [modloading-worker-0/INFO] [ipsis.woot.policy.PolicyRegistry/]: Blacklisting learning of rftoolsdim:terrain_dimlet
[12Feb2026 00:31:53.624] [modloading-worker-0/INFO] [ipsis.woot.policy.PolicyRegistry/]: Blacklisting learning of rftoolsdim:attribute_dimlet
[12Feb2026 00:31:53.624] [modloading-worker-0/INFO] [ipsis.woot.policy.PolicyRegistry/]: Blacklisting learning of rftoolsdim:feature_dimlet
[12Feb2026 00:31:53.624] [modloading-worker-0/INFO] [ipsis.woot.policy.PolicyRegistry/]: Blacklisting learning of rftoolsdim:biome_dimlet
[12Feb2026 00:31:53.624] [modloading-worker-0/INFO] [ipsis.woot.policy.PolicyRegistry/]: Blacklisting learning of rftoolsdim:biome_controller_dimlet
[12Feb2026 00:31:53.624] [modloading-worker-0/INFO] [ipsis.woot.policy.PolicyRegistry/]: Blacklisting learning of rftoolsdim:block_dimlet
[12Feb2026 00:31:53.624] [modloading-worker-0/INFO] [ipsis.woot.policy.PolicyRegistry/]: Blacklisting learning of rftoolsdim:fluid_dimlet
[12Feb2026 00:31:53.624] [modloading-worker-0/INFO] [ipsis.woot.policy.PolicyRegistry/]: Blacklisting learning of rftoolsdim:time_dimlet
[12Feb2026 00:31:53.624] [modloading-worker-0/INFO] [ipsis.woot.policy.PolicyRegistry/]: Blacklisting learning of rftoolsdim:digit_dimlet
[12Feb2026 00:31:53.624] [modloading-worker-0/INFO] [ipsis.woot.policy.PolicyRegistry/]: Blacklisting learning of rftoolsdim:admin_dimlet
[12Feb2026 00:31:53.624] [modloading-worker-0/INFO] [ipsis.woot.policy.PolicyRegistry/]: Blacklisting learning of all items from cyberware
[12Feb2026 00:31:53.629] [modloading-worker-3/INFO] [codechicken.mixin.forge.SidedGenerator/]: Trait: codechicken/multipart/trait/TPartialOcclusionTile
[12Feb2026 00:31:53.629] [modloading-worker-3/INFO] [codechicken.mixin.forge.SidedGenerator/]:     Marker: codechicken/multipart/api/part/TPartialOcclusionPart, Side: COMMON
[12Feb2026 00:31:53.631] [modloading-worker-0/INFO] [ipsis.woot.setup.ModSetup/]: /workspaces/Mundinho/servidor_minecraft/woot/loot.json
[12Feb2026 00:31:53.636] [modloading-worker-3/INFO] [codechicken.mixin.forge.SidedGenerator/]: Trait: codechicken/multipart/trait/TInventoryTile
[12Feb2026 00:31:53.636] [modloading-worker-3/INFO] [codechicken.mixin.forge.SidedGenerator/]:     Marker: net/minecraft/inventory/IInventory, Side: COMMON
[12Feb2026 00:31:53.642] [modloading-worker-3/INFO] [codechicken.mixin.forge.SidedGenerator/]:     Marker: net/minecraft/inventory/ISidedInventory, Side: COMMON
[12Feb2026 00:31:53.642] [modloading-worker-3/INFO] [codechicken.mixin.forge.SidedGenerator/]: Trait: codechicken/multipart/trait/TInventoryTile
[12Feb2026 00:31:53.643] [modloading-worker-3/INFO] [codechicken.mixin.forge.SidedGenerator/]:     Marker: net/minecraft/inventory/IInventory, Side: COMMON
[12Feb2026 00:31:53.643] [modloading-worker-3/INFO] [codechicken.mixin.forge.SidedGenerator/]: Trait: codechicken/multipart/trait/TInventoryTile
[12Feb2026 00:31:53.645] [modloading-worker-3/INFO] [codechicken.mixin.forge.SidedGenerator/]:     Marker: net/minecraft/inventory/ISidedInventory, Side: COMMON
[12Feb2026 00:31:53.645] [modloading-worker-3/INFO] [codechicken.mixin.forge.SidedGenerator/]: Trait: codechicken/multipart/trait/TCapabilityTile
[12Feb2026 00:31:53.645] [modloading-worker-3/INFO] [codechicken.mixin.forge.SidedGenerator/]:     Marker: codechicken/multipart/api/ICapabilityProviderPart, Side: COMMON
[12Feb2026 00:31:53.652] [modloading-worker-1/INFO] [Nature's Aura/]: -- Nature's Aura Fake Player Information --
[12Feb2026 00:31:53.655] [modloading-worker-1/INFO] [Nature's Aura/]: Name: [Minecraft]
[12Feb2026 00:31:53.655] [modloading-worker-1/INFO] [Nature's Aura/]: UUID: 41C82C87-7AfB-4024-BA57-13D2C99CAE77
[12Feb2026 00:31:53.655] [modloading-worker-1/INFO] [Nature's Aura/]: -------------------------------------------
[12Feb2026 00:31:53.656] [modloading-worker-3/INFO] [codechicken.mixin.forge.SidedGenerator/]: Trait: codechicken/multipart/trait/TAnimateTickTile
[12Feb2026 00:31:53.657] [modloading-worker-3/INFO] [codechicken.mixin.forge.SidedGenerator/]:     Marker: codechicken/multipart/api/part/AnimateTickPart, Side: CLIENT
[12Feb2026 00:31:53.658] [modloading-worker-0/INFO] [ipsis.woot.config.ConfigOverride/]: Added integer override of minecraft:ender_dragon:PERK_MASS_1_COUNT -> 2
[12Feb2026 00:31:53.658] [modloading-worker-0/INFO] [ipsis.woot.config.ConfigOverride/]: Added integer override of minecraft:wither:PERK_MASS_1_COUNT -> 2
[12Feb2026 00:31:53.658] [modloading-worker-0/INFO] [ipsis.woot.config.ConfigOverride/]: Added integer override of botania:doppleganger:PERK_MASS_1_COUNT -> 2
[12Feb2026 00:31:53.658] [modloading-worker-0/INFO] [ipsis.woot.config.ConfigOverride/]: Added integer override of iceandfire:ice_dragon:PERK_MASS_1_COUNT -> 2
[12Feb2026 00:31:53.658] [modloading-worker-0/INFO] [ipsis.woot.config.ConfigOverride/]: Added integer override of iceandfire:fire_dragon:PERK_MASS_1_COUNT -> 2
[12Feb2026 00:31:53.658] [modloading-worker-0/INFO] [ipsis.woot.config.ConfigOverride/]: Added integer override of iceandfire:lightning_dragon:PERK_MASS_1_COUNT -> 2
[12Feb2026 00:31:53.664] [modloading-worker-0/INFO] [ipsis.woot.config.ConfigOverride/]: Added integer override of minecraft:ender_dragon:PERK_MASS_2_COUNT -> 3
[12Feb2026 00:31:53.664] [modloading-worker-0/INFO] [ipsis.woot.config.ConfigOverride/]: Added integer override of minecraft:wither:PERK_MASS_2_COUNT -> 3
[12Feb2026 00:31:53.664] [modloading-worker-0/INFO] [ipsis.woot.config.ConfigOverride/]: Added integer override of botania:doppleganger:PERK_MASS_2_COUNT -> 3
[12Feb2026 00:31:53.664] [modloading-worker-0/INFO] [ipsis.woot.config.ConfigOverride/]: Added integer override of iceandfire:ice_dragon:PERK_MASS_2_COUNT -> 3
[12Feb2026 00:31:53.664] [modloading-worker-0/INFO] [ipsis.woot.config.ConfigOverride/]: Added integer override of iceandfire:fire_dragon:PERK_MASS_2_COUNT -> 3
[12Feb2026 00:31:53.664] [modloading-worker-0/INFO] [ipsis.woot.config.ConfigOverride/]: Added integer override of iceandfire:lightning_dragon:PERK_MASS_2_COUNT -> 3
[12Feb2026 00:31:53.664] [modloading-worker-0/INFO] [ipsis.woot.config.ConfigOverride/]: Added integer override of minecraft:wither:SPAWN_TICKS -> 1200
[12Feb2026 00:31:53.664] [modloading-worker-0/INFO] [ipsis.woot.config.ConfigOverride/]: Added integer override of minecraft:ender_dragon:SPAWN_TICKS -> 12000
[12Feb2026 00:31:53.665] [modloading-worker-0/INFO] [ipsis.woot.config.ConfigOverride/]: Added integer override of botania:doppleganger:SPAWN_TICKS -> 12000
[12Feb2026 00:31:53.665] [modloading-worker-0/INFO] [ipsis.woot.config.ConfigOverride/]: Added integer override of iceandfire:ice_dragon:SPAWN_TICKS -> 12000
[12Feb2026 00:31:53.665] [modloading-worker-0/INFO] [ipsis.woot.config.ConfigOverride/]: Added integer override of iceandfire:fire_dragon:SPAWN_TICKS -> 12000
[12Feb2026 00:31:53.665] [modloading-worker-0/INFO] [ipsis.woot.config.ConfigOverride/]: Added integer override of iceandfire:lightning_dragon:SPAWN_TICKS -> 12000
[12Feb2026 00:31:53.665] [modloading-worker-0/INFO] [ipsis.woot.config.ConfigOverride/]: Added integer override of minecraft:iron_golem:XP -> 20
[12Feb2026 00:31:53.665] [modloading-worker-0/INFO] [ipsis.woot.config.ConfigOverride/]: Added integer override of minecraft:bat:XP -> 1
[12Feb2026 00:31:53.665] [modloading-worker-0/INFO] [ipsis.woot.config.ConfigOverride/]: Added integer override of minecraft:snow_golem:XP -> 1
[12Feb2026 00:31:53.665] [modloading-worker-0/INFO] [ipsis.woot.config.ConfigOverride/]: Added integer override of minecraft:villager:XP -> 2
[12Feb2026 00:31:53.665] [modloading-worker-0/INFO] [ipsis.woot.config.ConfigOverride/]: Added integer override of minecraft:wandering_villager:XP -> 2
[12Feb2026 00:31:53.665] [modloading-worker-0/INFO] [ipsis.woot.config.ConfigOverride/]: Added integer override of minecraft:ender_dragon:XP -> 500
[12Feb2026 00:31:53.665] [modloading-worker-0/INFO] [ipsis.woot.config.ConfigOverride/]: Added integer override of botania:doppleganger:XP -> 1
[12Feb2026 00:31:53.665] [modloading-worker-0/INFO] [ipsis.woot.config.ConfigOverride/]: Added integer override of iceandfire:ice_dragon:XP -> 1
[12Feb2026 00:31:53.665] [modloading-worker-0/INFO] [ipsis.woot.config.ConfigOverride/]: Added integer override of iceandfire:fire_dragon:XP -> 1
[12Feb2026 00:31:53.665] [modloading-worker-0/INFO] [ipsis.woot.config.ConfigOverride/]: Added integer override of iceandfire:lightning_dragon:XP -> 1
[12Feb2026 00:31:53.667] [modloading-worker-0/INFO] [ipsis.woot.config.ConfigOverride/]: Added integer override of minecraft:ender_dragon:HEALTH -> 500
[12Feb2026 00:31:53.667] [modloading-worker-0/INFO] [ipsis.woot.config.ConfigOverride/]: Added integer override of botania:doppleganger:HEALTH -> 250
[12Feb2026 00:31:53.667] [modloading-worker-0/INFO] [ipsis.woot.config.ConfigOverride/]: Added integer override of iceandfire:ice_dragon:HEALTH -> 500
[12Feb2026 00:31:53.667] [modloading-worker-0/INFO] [ipsis.woot.config.ConfigOverride/]: Added integer override of iceandfire:fire_dragon:HEALTH -> 500
[12Feb2026 00:31:53.667] [modloading-worker-0/INFO] [ipsis.woot.config.ConfigOverride/]: Added integer override of iceandfire:lightning_dragon:HEALTH -> 500
[12Feb2026 00:31:53.667] [modloading-worker-0/INFO] [ipsis.woot.config.ConfigOverride/]: Added integer override of minecraft:wither_skeleton:TIER -> 4
[12Feb2026 00:31:53.667] [modloading-worker-0/INFO] [ipsis.woot.config.ConfigOverride/]: Added integer override of minecraft:villager:TIER -> 4
[12Feb2026 00:31:53.668] [modloading-worker-0/INFO] [ipsis.woot.config.ConfigOverride/]: Added integer override of minecraft:magma_cube:TIER -> 3
[12Feb2026 00:31:53.668] [modloading-worker-0/INFO] [ipsis.woot.config.ConfigOverride/]: Added integer override of minecraft:enderman:TIER -> 4
[12Feb2026 00:31:53.668] [modloading-worker-0/INFO] [ipsis.woot.config.ConfigOverride/]: Added integer override of minecraft:villager_golem:TIER -> 4
[12Feb2026 00:31:53.669] [modloading-worker-0/INFO] [ipsis.woot.config.ConfigOverride/]: Added integer override of minecraft:guardian:TIER -> 4
[12Feb2026 00:31:53.669] [modloading-worker-0/INFO] [ipsis.woot.config.ConfigOverride/]: Added integer override of minecraft:blaze:TIER -> 3
[12Feb2026 00:31:53.669] [modloading-worker-0/INFO] [ipsis.woot.config.ConfigOverride/]: Added integer override of minecraft:witch:TIER -> 3
[12Feb2026 00:31:53.669] [modloading-worker-0/INFO] [ipsis.woot.config.ConfigOverride/]: Added integer override of minecraft:ghast:TIER -> 3
[12Feb2026 00:31:53.670] [modloading-worker-0/INFO] [ipsis.woot.config.ConfigOverride/]: Added integer override of minecraft:zombie_pigman:TIER -> 3
[12Feb2026 00:31:53.670] [modloading-worker-0/INFO] [ipsis.woot.config.ConfigOverride/]: Added integer override of minecraft:ender_dragon:TIER -> 5
[12Feb2026 00:31:53.670] [modloading-worker-0/INFO] [ipsis.woot.config.ConfigOverride/]: Added integer override of minecraft:wither:TIER -> 5
[12Feb2026 00:31:53.670] [modloading-worker-0/INFO] [ipsis.woot.config.ConfigOverride/]: Added integer override of botania:doppleganger:TIER -> 5
[12Feb2026 00:31:53.670] [modloading-worker-0/INFO] [ipsis.woot.config.ConfigOverride/]: Added integer override of iceandfire:ice_dragon:TIER -> 5
[12Feb2026 00:31:53.671] [modloading-worker-0/INFO] [ipsis.woot.config.ConfigOverride/]: Added integer override of iceandfire:fire_dragon:TIER -> 5
[12Feb2026 00:31:53.671] [modloading-worker-0/INFO] [ipsis.woot.config.ConfigOverride/]: Added integer override of iceandfire:lightning_dragon:TIER -> 5
[12Feb2026 00:31:53.672] [modloading-worker-0/INFO] [ipsis.woot.config.ConfigOverride/]: Added integer override of minecraft:ender_dragon:PERK_MASS_3_COUNT -> 4
[12Feb2026 00:31:53.672] [modloading-worker-0/INFO] [ipsis.woot.config.ConfigOverride/]: Added integer override of minecraft:wither:PERK_MASS_3_COUNT -> 4
[12Feb2026 00:31:53.672] [modloading-worker-0/INFO] [ipsis.woot.config.ConfigOverride/]: Added integer override of botania:doppleganger:PERK_MASS_3_COUNT -> 4
[12Feb2026 00:31:53.672] [modloading-worker-0/INFO] [ipsis.woot.config.ConfigOverride/]: Added integer override of iceandfire:ice_dragon:PERK_MASS_3_COUNT -> 4
[12Feb2026 00:31:53.672] [modloading-worker-0/INFO] [ipsis.woot.config.ConfigOverride/]: Added integer override of iceandfire:fire_dragon:PERK_MASS_3_COUNT -> 4
[12Feb2026 00:31:53.673] [modloading-worker-0/INFO] [ipsis.woot.config.ConfigOverride/]: Added integer override of iceandfire:lightning_dragon:PERK_MASS_3_COUNT -> 4
[12Feb2026 00:31:53.689] [modloading-worker-0/INFO] [ipsis.woot.setup.ModSetup/]: SkullGenerator: minecraft:skeleton -> 1 skeleton_skull
[12Feb2026 00:31:53.690] [modloading-worker-0/INFO] [ipsis.woot.setup.ModSetup/]: SkullGenerator: minecraft:wither_skeleton -> 1 wither_skeleton_skull
[12Feb2026 00:31:53.690] [modloading-worker-0/INFO] [ipsis.woot.setup.ModSetup/]: SkullGenerator: minecraft:zombie -> 1 zombie_head
[12Feb2026 00:31:53.691] [modloading-worker-0/INFO] [ipsis.woot.setup.ModSetup/]: SkullGenerator: minecraft:creeper -> 1 creeper_head
[12Feb2026 00:31:53.692] [modloading-worker-0/WARN] [ipsis.woot.setup.ModSetup/]: Failed to load loot file /workspaces/Mundinho/servidor_minecraft/woot/loot.json
[12Feb2026 00:31:53.698] [modloading-worker-0/INFO] [pneumaticcraft/]: PneumaticCraft: Repressurized is loading!
[12Feb2026 00:31:53.712] [modloading-worker-3/INFO] [wile.engineerstools.ModEngineersTools/]: Registering recipe condition processor ...
[12Feb2026 00:31:53.718] [modloading-worker-2/INFO] [Mekanism/]: Version 10.1.2 initializing...
[12Feb2026 00:31:53.727] [modloading-worker-3/INFO] [mythicbotany/]: Loading MythicBotany
[12Feb2026 00:31:53.778] [modloading-worker-3/INFO] [integrateddynamicscompat/]: Registered packet handler.
[12Feb2026 00:31:53.782] [modloading-worker-2/INFO] [Mekanism/]: Fake player readout: UUID = 46e82cd0-d480-3d48-800a-77431ede078e, name = [Mekanism]
[12Feb2026 00:31:53.782] [modloading-worker-2/INFO] [Mekanism/]: Loading complete.
[12Feb2026 00:31:53.782] [modloading-worker-2/INFO] [Mekanism/]: Mod loaded.
[12Feb2026 00:31:53.814] [modloading-worker-1/INFO] [integrateddynamics/]: Registered packet handler.
[12Feb2026 00:31:53.951] [modloading-worker-2/INFO] [corgiaoc.byg.BYG/]: BYG: "Common Setup" Event Complete!
[12Feb2026 00:31:53.998] [modloading-worker-3/INFO] [info.partonetrain.managear.ManaGear/]: ManaGear Installed -  Please ensure you downloaded from CurseForge!
[12Feb2026 00:31:54.022] [modloading-worker-3/INFO] [incontrol/]: Enabling support for Lost Cities
[12Feb2026 00:31:54.023] [modloading-worker-3/INFO] [incontrol/]: Enabling support for Lost Cities
[12Feb2026 00:31:54.027] [modloading-worker-1/INFO] [wile.rsgauges.ModRsGauges/]: Registering recipe condition processor ...
[12Feb2026 00:31:54.048] [modloading-worker-2/INFO] [TerraForged/]: Common setup
[12Feb2026 00:31:54.060] [modloading-worker-3/INFO] [incontrol/]: Reading rules from spawn.json
[12Feb2026 00:31:54.145] [modloading-worker-0/INFO] [Bookshelf/]: Registering 3 command argument types.
[12Feb2026 00:31:54.151] [modloading-worker-0/INFO] [Bookshelf/]: Registering 13 loot conditions.
[12Feb2026 00:31:54.177] [modloading-worker-3/INFO] [incontrol/]: Reading rules from summonaid.json
[12Feb2026 00:31:54.182] [modloading-worker-3/INFO] [incontrol/]: Reading rules from potentialspawn.json
[12Feb2026 00:31:54.186] [modloading-worker-3/INFO] [incontrol/]: Reading rules from loot.json
[12Feb2026 00:31:54.190] [modloading-worker-3/INFO] [incontrol/]: Reading rules from experience.json
[12Feb2026 00:31:54.194] [modloading-worker-3/INFO] [incontrol/]: Reading rules from phases.json
[12Feb2026 00:31:54.196] [modloading-worker-3/INFO] [incontrol/]: Reading rules from spawner.json
[12Feb2026 00:31:54.293] [modloading-worker-1/INFO] [Mekanism/]: Loaded 'Mekanism Generators' module.
[12Feb2026 00:31:54.304] [modloading-worker-1/INFO] [com.resourcefulbees.resourcefulbees.registry.ModPotions/]: Generation Potion Mixes
[12Feb2026 00:31:54.306] [modloading-worker-1/INFO] [com.resourcefulbees.resourcefulbees.registry.ModPotions/]: Generating Potion Recipe for: resourcefulbees:calming
[12Feb2026 00:31:54.307] [modloading-worker-1/INFO] [com.resourcefulbees.resourcefulbees.registry.ModPotions/]: Generating Potion Recipe for: resourcefulbees:long_calming
[12Feb2026 00:31:54.343] [modloading-worker-3/INFO] [Mekanism/]: Loaded 'Mekanism: Additions' module.
[12Feb2026 00:31:54.365] [modloading-worker-2/INFO] [STDOUT/]: [com.hollingsworth.arsnouveau.common.capability.ManaCapability:register:62]: Finished Registering ManaCapability
[12Feb2026 00:31:54.369] [modloading-worker-2/INFO] [STDOUT/]: [com.hollingsworth.arsnouveau.api.familiar.FamiliarCap:register:97]: Finished Registering FamiliarCap
[12Feb2026 00:31:54.369] [modloading-worker-1/INFO] [com.haoict.tiab.Tiab/]: HELLO FROM PREINIT
[12Feb2026 00:31:54.371] [modloading-worker-1/INFO] [com.haoict.tiab.Tiab/]: DIRT BLOCK >> minecraft:dirt
[12Feb2026 00:31:54.373] [modloading-worker-2/INFO] [STDOUT/]: [com.hollingsworth.arsnouveau.common.network.Networking:registerMessages:27]: Registering packets!!
[12Feb2026 00:31:54.391] [modloading-worker-1/INFO] [lostcities/]: Creating standard profiles into 'config/lostcities/profiles'
[12Feb2026 00:31:54.412] [modloading-worker-3/INFO] [Mekanism/]: Loaded 'Mekanism: Tools' module.
[12Feb2026 00:31:54.415] [modloading-worker-1/INFO] [lostcities/]: Reading existing profiles from 'config/lostcities/profiles'
[12Feb2026 00:31:54.416] [AstralSorcery Patreon Effect Loader/WARN] [Astral Sorcery/]: Skipped 1 patreon effects during loading due to malformed data!
[12Feb2026 00:31:54.418] [AstralSorcery Patreon Effect Loader/INFO] [Astral Sorcery/]: Patreon effect loading finished.
[12Feb2026 00:31:54.466] [modloading-worker-0/INFO] [projectred-core/]: Loading Project Red ComputerCraft Compatibility Module
[12Feb2026 00:31:54.481] [modloading-worker-2/INFO] [tramplestopper.TrampleStopper/]: Hello
[12Feb2026 00:31:54.576] [modloading-worker-3/INFO] [Dungeon Crawl/]: Common Setup
[12Feb2026 00:31:54.585] [modloading-worker-3/INFO] [Dungeon Crawl/]: Whitelisted Dimensions:
[12Feb2026 00:31:54.587] [modloading-worker-3/INFO] [Dungeon Crawl/]: minecraft:overworld
[12Feb2026 00:31:54.590] [modloading-worker-0/INFO] [travel_anchors/]: Loading TravelAnchors
[12Feb2026 00:31:54.591] [modloading-worker-0/INFO] [mcjtylib/]: XNet Detected RFTools Control: enabling support
[12Feb2026 00:31:54.586] [modloading-worker-2/INFO] [AE2:C/]: Post Initialization ( started )
[12Feb2026 00:31:54.604] [modloading-worker-2/INFO] [AE2:C/]: Post Initialization ( ended after 28ms )
[12Feb2026 00:31:54.629] [modloading-worker-1/INFO] [mcjtylib/]: RFTools Storage Detected XNet: enabling support
[12Feb2026 00:31:54.708] [Immersive Engineering Contributors Thread/INFO] [immersiveengineering/]: Attempting to download special revolvers from GitHub
[12Feb2026 00:31:54.871] [modloading-worker-3/INFO] [com.jaquadro.minecraft.storagedrawers.StorageDrawers/]: New compacting rule 4 clay_ball = 1 clay
[12Feb2026 00:31:54.875] [modloading-worker-3/INFO] [com.jaquadro.minecraft.storagedrawers.StorageDrawers/]: New compacting rule 4 snowball = 1 snow_block
[12Feb2026 00:31:54.875] [modloading-worker-3/INFO] [com.jaquadro.minecraft.storagedrawers.StorageDrawers/]: New compacting rule 4 glowstone_dust = 1 glowstone
[12Feb2026 00:31:54.875] [modloading-worker-3/INFO] [com.jaquadro.minecraft.storagedrawers.StorageDrawers/]: New compacting rule 4 brick = 1 bricks
[12Feb2026 00:31:54.875] [modloading-worker-3/INFO] [com.jaquadro.minecraft.storagedrawers.StorageDrawers/]: New compacting rule 4 nether_brick = 1 nether_bricks
[12Feb2026 00:31:54.875] [modloading-worker-3/INFO] [com.jaquadro.minecraft.storagedrawers.StorageDrawers/]: New compacting rule 9 nether_wart = 1 nether_wart_block
[12Feb2026 00:31:54.875] [modloading-worker-3/INFO] [com.jaquadro.minecraft.storagedrawers.StorageDrawers/]: New compacting rule 4 quartz = 1 quartz_block
[12Feb2026 00:31:54.876] [modloading-worker-3/INFO] [com.jaquadro.minecraft.storagedrawers.StorageDrawers/]: New compacting rule 9 melon_slice = 1 melon
[12Feb2026 00:31:54.876] [modloading-worker-3/INFO] [com.jaquadro.minecraft.storagedrawers.StorageDrawers/]: New compacting rule 4 sand = 1 sandstone
[12Feb2026 00:31:54.876] [modloading-worker-3/INFO] [com.jaquadro.minecraft.storagedrawers.StorageDrawers/]: New compacting rule 4 red_sand = 1 red_sandstone
[12Feb2026 00:31:54.877] [modloading-worker-3/INFO] [com.jaquadro.minecraft.storagedrawers.StorageDrawers/]: New compacting rule 4 clay_ball = 1 clay
[12Feb2026 00:31:54.877] [modloading-worker-3/INFO] [com.jaquadro.minecraft.storagedrawers.StorageDrawers/]: New compacting rule 2 uraninite_raw = 1 uraninite_raw_dense
[12Feb2026 00:31:54.877] [modloading-worker-3/INFO] [com.jaquadro.minecraft.storagedrawers.StorageDrawers/]: New compacting rule 2 uraninite_raw_poor = 1 uraninite_raw
[12Feb2026 00:31:54.877] [modloading-worker-3/INFO] [com.jaquadro.minecraft.storagedrawers.StorageDrawers/]: New compacting rule 9 sand_1 = 1 sand_2
[12Feb2026 00:31:54.878] [modloading-worker-3/INFO] [com.jaquadro.minecraft.storagedrawers.StorageDrawers/]: New compacting rule 9 sand = 1 sand_1
[12Feb2026 00:31:54.882] [modloading-worker-1/WARN] [net.minecraftforge.common.ForgeHooks/]: Called deprecated GlobalEntityTypeAttributes#put for quark:frog, use EntityAttributeCreationEvent instead.
[12Feb2026 00:31:54.882] [modloading-worker-1/WARN] [net.minecraftforge.common.ForgeHooks/]: Called deprecated GlobalEntityTypeAttributes#put for quark:wraith, use EntityAttributeCreationEvent instead.
[12Feb2026 00:31:54.891] [modloading-worker-1/WARN] [net.minecraftforge.common.ForgeHooks/]: Called deprecated GlobalEntityTypeAttributes#put for quark:leash_knot_fake, use EntityAttributeCreationEvent instead.
[12Feb2026 00:31:54.896] [modloading-worker-3/INFO] [wile.engineersdecor.ModEngineersDecor/]: Registering recipe condition processor ...
[12Feb2026 00:31:54.907] [modloading-worker-1/WARN] [net.minecraftforge.common.ForgeHooks/]: Called deprecated GlobalEntityTypeAttributes#put for quark:shiba, use EntityAttributeCreationEvent instead.
[12Feb2026 00:31:54.907] [modloading-worker-1/WARN] [net.minecraftforge.common.ForgeHooks/]: Called deprecated GlobalEntityTypeAttributes#put for quark:crab, use EntityAttributeCreationEvent instead.
[12Feb2026 00:31:54.924] [modloading-worker-1/WARN] [net.minecraftforge.common.ForgeHooks/]: Called deprecated GlobalEntityTypeAttributes#put for quark:stoneling, use EntityAttributeCreationEvent instead.
[12Feb2026 00:31:54.944] [modloading-worker-2/INFO] [com.ma.ManaAndArtifice/]: M&A -> Network Messages Registered
[12Feb2026 00:31:54.945] [modloading-worker-3/INFO] [me.desht.modularrouters.ModularRouters/]: Modular Routers is loading!
[12Feb2026 00:31:54.948] [modloading-worker-2/INFO] [com.ma.ManaAndArtifice/]: Mana And Artifice >> Registered loot functions
[12Feb2026 00:31:54.949] [modloading-worker-1/WARN] [net.minecraftforge.common.ForgeHooks/]: Called deprecated GlobalEntityTypeAttributes#put for quark:forgotten, use EntityAttributeCreationEvent instead.
[12Feb2026 00:31:54.952] [modloading-worker-1/WARN] [net.minecraftforge.common.ForgeHooks/]: Called deprecated GlobalEntityTypeAttributes#put for quark:foxhound, use EntityAttributeCreationEvent instead.
[12Feb2026 00:31:54.970] [modloading-worker-1/WARN] [net.minecraftforge.common.ForgeHooks/]: Called deprecated GlobalEntityTypeAttributes#put for quark:toretoise, use EntityAttributeCreationEvent instead.
[12Feb2026 00:31:54.972] [modloading-worker-1/WARN] [net.minecraftforge.common.ForgeHooks/]: Called deprecated GlobalEntityTypeAttributes#put for quark:wrapped, use EntityAttributeCreationEvent instead.
[12Feb2026 00:31:54.975] [modloading-worker-2/INFO] [com.ma.ManaAndArtifice/]: M&A -> Capabilities Registered
[12Feb2026 00:31:54.975] [modloading-worker-2/INFO] [com.ma.ManaAndArtifice/]: M&A -> Flower Pots Registered
[12Feb2026 00:31:55.022] [modloading-worker-1/WARN] [net.minecraftforge.common.ForgeHooks/]: Called deprecated GlobalEntityTypeAttributes#put for forbidden_arcanus:pixie, use EntityAttributeCreationEvent instead.
[12Feb2026 00:31:55.792] [main/WARN] [Advanced Peripherals/]: Successfully loaded integration for mekanismgenerators
[12Feb2026 00:31:55.796] [main/WARN] [Advanced Peripherals/]: Successfully loaded integration for mekanism
[12Feb2026 00:31:55.802] [main/WARN] [Advanced Peripherals/]: Successfully loaded integration for botania
[12Feb2026 00:31:55.804] [main/WARN] [Advanced Peripherals/]: Successfully loaded integration for immersiveengineering
[12Feb2026 00:31:55.805] [main/WARN] [Advanced Peripherals/]: Successfully loaded integration for integrateddynamics
[12Feb2026 00:31:55.807] [main/WARN] [Advanced Peripherals/]: Successfully loaded integration for storagedrawers
[12Feb2026 00:31:55.810] [main/WARN] [Advanced Peripherals/]: Successfully loaded integration for create
[12Feb2026 00:31:55.811] [main/WARN] [Advanced Peripherals/]: Failed to load integration for draconicevolution
[12Feb2026 00:31:55.856] [main/INFO] [STDOUT/]: [elucent.eidolon.Registry:addBrewingRecipes:402]: calling addBrewingRecipes
[12Feb2026 00:31:55.858] [main/WARN] [net.minecraftforge.common.ForgeHooks/]: Called deprecated GlobalEntityTypeAttributes#put for eidolon:zombie_brute, use EntityAttributeCreationEvent instead.
[12Feb2026 00:31:55.859] [main/WARN] [net.minecraftforge.common.ForgeHooks/]: Called deprecated GlobalEntityTypeAttributes#put for eidolon:wraith, use EntityAttributeCreationEvent instead.
[12Feb2026 00:31:55.859] [main/WARN] [net.minecraftforge.common.ForgeHooks/]: Called deprecated GlobalEntityTypeAttributes#put for eidolon:necromancer, use EntityAttributeCreationEvent instead.
[12Feb2026 00:31:56.091] [main/INFO] [Dungeon Crawl/]: Registering Structure Piece Types
[12Feb2026 00:31:56.190] [main/INFO] [com.ma.ManaAndArtifice/]: M&A -> Recipe Types Registered
[12Feb2026 00:31:56.444] [modloading-worker-1/INFO] [ipsis.woot.setup.ModSetup/]: Enabling support The One Probe
[12Feb2026 00:31:56.445] [modloading-worker-1/INFO] [pneumaticcraft/]: Enabled support for The One Probe
[12Feb2026 00:31:56.449] [modloading-worker-0/INFO] [com.haoict.tiab.Tiab/]: Hello world from the MDK
[12Feb2026 00:31:56.450] [modloading-worker-0/INFO] [com.haoict.tiab.Tiab/]: Got IMC [Hello world]
[12Feb2026 00:31:56.450] [modloading-worker-1/INFO] [mcjtylib/]: Enabled support for The One Probe
[12Feb2026 00:31:56.459] [modloading-worker-0/INFO] [net.blay09.mods.craftingtweaks.CraftingTweaks/]: refinedstorage has registered com.refinedmods.refinedstorage.container.GridContainer for CraftingTweaks
[12Feb2026 00:31:56.458] [modloading-worker-1/INFO] [mcjtylib/]: Enabled support for The One Probe
[12Feb2026 00:31:56.461] [modloading-worker-1/INFO] [me.desht.modularrouters.ModularRouters/]: Enabled support for The One Probe
[12Feb2026 00:31:56.463] [modloading-worker-1/INFO] [tombstone/]: Integration TOP
[12Feb2026 00:31:56.464] [modloading-worker-0/INFO] [net.blay09.mods.craftingtweaks.CraftingTweaks/]: craftingstation has registered com.tfar.craftingstation.CraftingStationContainer for CraftingTweaks
[12Feb2026 00:31:56.538] [modloading-worker-0/INFO] [powah/Config]: Added coolant fluid: minecraft:water, with coldness of: 1 per mb
[12Feb2026 00:31:56.539] [modloading-worker-0/INFO] [powah/Config]: Added block: minecraft:lava, with heat of: 1000
[12Feb2026 00:31:56.539] [modloading-worker-0/INFO] [powah/Config]: Added block: minecraft:magma_block, with heat of: 800
[12Feb2026 00:31:56.539] [modloading-worker-0/INFO] [powah/Config]: Added block: powah:blazing_crystal_block, with heat of: 2800
[12Feb2026 00:31:56.539] [modloading-worker-0/INFO] [powah/Config]: Added fluid: minecraft:lava, with heat of: 10000 per 100 mb
[12Feb2026 00:31:56.541] [modloading-worker-1/INFO] [TerraForged/]: Loaded TerraForged version 0.2.16
[12Feb2026 00:31:56.549] [modloading-worker-1/INFO] [com.resourcefulbees.resourcefulbees.ResourcefulBees/]: Registering Default Bee Traits...
[12Feb2026 00:31:56.553] [modloading-worker-2/INFO] [net.xalcon.torchmaster.Torchmaster/]: Applying mega torch entity block list overrides...
[12Feb2026 00:31:56.553] [modloading-worker-2/INFO] [net.xalcon.torchmaster.Torchmaster/]: Applying dread lamp entity block list overrides...
[12Feb2026 00:31:56.556] [modloading-worker-1/INFO] [com.resourcefulbees.resourcefulbees.ResourcefulBees/]: Registering Custom Traits...
[12Feb2026 00:31:56.564] [modloading-worker-2/INFO] [STDOUT/]: [com.mrh0.buildersaddition.BuildersAddition:postInit:80]: Builders Addition Initialized!
[12Feb2026 00:31:56.564] [modloading-worker-1/ERROR] [com.resourcefulbees.resourcefulbees.ResourcefulBees/]: Trait is already registered or registration is closed: starry
[12Feb2026 00:31:56.614] [Phosphophyllite Registry Worker/INFO] [Phosphophyllite/Registry/]: Thread stopped
[12Feb2026 00:31:56.692] [modloading-worker-0/INFO] [com.ma.ManaAndArtifice/]: M&A API initialized, it is now useable
[12Feb2026 00:31:56.692] [modloading-worker-1/WARN] [minecolonies/]: FMLLoadCompleteEvent
[12Feb2026 00:31:56.703] [modloading-worker-0/INFO] [STDOUT/]: [com.mrh0.createaddition.CreateAddition:postInit:141]: Create Crafts & Addition Initialized!
[12Feb2026 00:31:56.720] [modloading-worker-1/WARN] [minecolonies/]: Register mappings
[12Feb2026 00:31:56.834] [main/INFO] [corgiaoc.byg.BYG/]: BYG: Compostible Blocks Added!
[12Feb2026 00:31:56.834] [main/INFO] [corgiaoc.byg.BYG/]: BYG: Added Hoeable Blocks!
[12Feb2026 00:31:56.836] [main/INFO] [corgiaoc.byg.BYG/]: BYG: Added Flammables!
[12Feb2026 00:31:56.837] [main/INFO] [corgiaoc.byg.BYG/]: BYG: Added strippable Blocks...
[12Feb2026 00:31:57.856] [main/ERROR] [net.minecraft.util.registry.WorldSettingsImport/]: Error adding element: Unknown registry element com.brandon3055.draconicevolution.world.DEWorldGen$1@7e9213a1
[12Feb2026 00:31:59.855] [main/INFO] [TerraForged/]: Creating TerraForged level settings
[12Feb2026 00:31:59.912] [main/INFO] [TerraForged/]: Creating TerraForged chunk-generator from preset All The Mods 6
[12Feb2026 00:32:00.126] [main/INFO] [TerraForged/]: Loading vanilla base decorator
[12Feb2026 00:32:00.145] [main/INFO] [TerraForged/]: Creating dimension: minecraft:overworld
[12Feb2026 00:32:00.157] [main/INFO] [TerraForged/]: Creating dimension: minecraft:the_nether
[12Feb2026 00:32:00.166] [main/INFO] [TerraForged/]: Creating dimension: minecraft:the_end
[12Feb2026 00:32:00.177] [main/INFO] [TerraForged/]: Overriding dimension minecraft:the_nether with byg:world's
[12Feb2026 00:32:00.177] [main/INFO] [TerraForged/]: Overriding dimension minecraft:the_end with byg:world's
[12Feb2026 00:32:00.255] [main/INFO] [TerraForged/]: Adding extra dimension appliedenergistics2:spatial_storage dimension from quark:realistic
[12Feb2026 00:32:00.530] [main/INFO] [TerraForged/]: Adding DataPackFinder
[12Feb2026 00:32:00.815] [main/INFO] [net.minecraftforge.coremod.CoreMod.apotheosis/COREMODLOG]: Patching net/minecraft/command/impl/EnchantCommand
[12Feb2026 00:32:01.116] [main/INFO] [TerraForged/]: Registering /terra command
[12Feb2026 00:32:01.324] [main/INFO] [ipsis.woot.setup.ModSetup/]: onRegisterCommandsEvent
[12Feb2026 00:32:01.468] [main/INFO] [FTB Ranks/]: Loading command nodes...
[12Feb2026 00:32:01.538] [main/INFO] [FTB Ranks/]: Loaded 3003 command nodes
[12Feb2026 00:32:01.542] [main/INFO] [com.resourcefulbees.resourcefulbees.ResourcefulBees/]: Adding Reload Listener: 'resourcefulbees recipe manager'
[12Feb2026 00:32:02.679] [main/INFO] [KubeJS Server/]: Loaded script server_scripts:tags.js in 0.029 s
[12Feb2026 00:32:02.697] [main/INFO] [KubeJS Server/]: Loaded script server_scripts:mod_specific/envirotech/envirotech.js in 0.018 s
[12Feb2026 00:32:02.738] [main/INFO] [KubeJS Server/]: Loaded script server_scripts:unify.js in 0.04 s
[12Feb2026 00:32:02.743] [main/INFO] [KubeJS Server/]: Loaded script server_scripts:constants.js in 0.005 s
[12Feb2026 00:32:02.746] [main/INFO] [KubeJS Server/]: Loaded script server_scripts:stonecutting.js in 0.003 s
[12Feb2026 00:32:02.746] [main/INFO] [KubeJS Server/]: Loaded script server_scripts:mod_specific/chisel/chisel.js in 0.0 s
[12Feb2026 00:32:02.747] [main/INFO] [KubeJS Server/]: Loaded script server_scripts:mod_specific/xreliquary/xreliquary.js in 0.001 s
[12Feb2026 00:32:02.748] [main/INFO] [KubeJS Server/]: Loaded script server_scripts:mod_specific/astralsorcery/astralsorcery.js in 0.001 s
[12Feb2026 00:32:02.749] [main/INFO] [KubeJS Server/]: Loaded script server_scripts:mod_specific/biggerreactors/biggerreactors.js in 0.001 s
[12Feb2026 00:32:02.753] [main/INFO] [KubeJS Server/]: Loaded script server_scripts:mod_specific/refinedstorage/refinedstorage.js in 0.004 s
[12Feb2026 00:32:02.753] [main/INFO] [KubeJS Server/]: Loaded script server_scripts:mod_specific/zycraft/zycraft.js in 0.0 s
[12Feb2026 00:32:02.755] [main/INFO] [KubeJS Server/]: Loaded script server_scripts:mod_specific/quark/quark.js in 0.001 s
[12Feb2026 00:32:02.756] [main/INFO] [KubeJS Server/]: Loaded script server_scripts:mod_specific/cyclic/cyclic.js in 0.001 s
[12Feb2026 00:32:02.757] [main/INFO] [KubeJS Server/]: Loaded script server_scripts:mod_specific/iceandfire/iceandfire.js in 0.001 s
[12Feb2026 00:32:02.758] [main/INFO] [KubeJS Server/]: Loaded script server_scripts:mod_specific/comforts/comforts.js in 0.001 s
[12Feb2026 00:32:02.760] [main/INFO] [KubeJS Server/]: Loaded script server_scripts:mod_specific/pedestals/pedestals.js in 0.001 s
[12Feb2026 00:32:02.762] [main/INFO] [KubeJS Server/]: Loaded script server_scripts:mod_specific/_allthemods/uu_matter_recipes.js in 0.002 s
[12Feb2026 00:32:02.763] [main/INFO] [KubeJS Server/]: Loaded script server_scripts:mod_specific/_allthemods/alltheores.js in 0.001 s
[12Feb2026 00:32:02.766] [main/INFO] [KubeJS Server/]: Loaded script server_scripts:mod_specific/_allthemods/atm_star.js in 0.003 s
[12Feb2026 00:32:02.768] [main/INFO] [KubeJS Server/]: Loaded script server_scripts:mod_specific/_allthemods/allthemodium.js in 0.002 s
[12Feb2026 00:32:02.770] [main/INFO] [KubeJS Server/]: Loaded script server_scripts:mod_specific/_allthemods/atm_shard.js in 0.001 s
[12Feb2026 00:32:02.770] [main/INFO] [KubeJS Server/]: Loaded script server_scripts:mod_specific/biomesoplenty/biomesoplenty.js in 0.0 s
[12Feb2026 00:32:02.771] [main/INFO] [KubeJS Server/]: Loaded script server_scripts:mod_specific/integrated_dynamics/integrated_dynamics.js in 0.001 s
[12Feb2026 00:32:02.771] [main/INFO] [KubeJS Server/]: Loaded script server_scripts:mod_specific/bagofyurting/bagofyurting.js in 0.0 s
[12Feb2026 00:32:02.771] [main/INFO] [KubeJS Server/]: Loaded script server_scripts:mod_specific/byg/byg.js in 0.0 s
[12Feb2026 00:32:02.774] [main/INFO] [KubeJS Server/]: Loaded script server_scripts:mod_specific/forbidden_arcanus/forbidden_arcanus.js in 0.003 s
[12Feb2026 00:32:02.775] [main/INFO] [KubeJS Server/]: Loaded script server_scripts:mod_specific/iron_jetpacks/iron_jetpacks.js in 0.001 s
[12Feb2026 00:32:02.776] [main/INFO] [KubeJS Server/]: Loaded script server_scripts:mod_specific/_misc/misc.js in 0.001 s
[12Feb2026 00:32:02.777] [main/INFO] [KubeJS Server/]: Loaded script server_scripts:mod_specific/powah/powah.js in 0.001 s
[12Feb2026 00:32:02.780] [main/INFO] [KubeJS Server/]: Loaded script server_scripts:mod_specific/entangled/entangled.js in 0.003 s
[12Feb2026 00:32:02.780] [main/INFO] [KubeJS Server/]: Loaded script server_scripts:mod_specific/macaw/macaw.js in 0.0 s
[12Feb2026 00:32:02.781] [main/INFO] [KubeJS Server/]: Loaded script server_scripts:mod_specific/mininggadgets/mininggadgets.js in 0.001 s
[12Feb2026 00:32:02.782] [main/INFO] [KubeJS Server/]: Loaded script server_scripts:mod_specific/tconstruct/tconstruct.js in 0.001 s
[12Feb2026 00:32:02.783] [main/INFO] [KubeJS Server/]: Loaded script server_scripts:mod_specific/tombstone/tombstone.js in 0.001 s
[12Feb2026 00:32:02.785] [main/INFO] [KubeJS Server/]: Loaded script server_scripts:mod_specific/rftools/rftools.js in 0.002 s
[12Feb2026 00:32:02.785] [main/INFO] [KubeJS Server/]: Loaded script server_scripts:mod_specific/rftools/dimension_builder.js in 0.0 s
[12Feb2026 00:32:02.786] [main/INFO] [KubeJS Server/]: Loaded script server_scripts:mod_specific/ars_nouveau/ars.js in 0.001 s
[12Feb2026 00:32:02.788] [main/INFO] [KubeJS Server/]: Loaded script server_scripts:mod_specific/mysticalagriculture/mysticalagriculture.js in 0.002 s
[12Feb2026 00:32:02.791] [main/INFO] [KubeJS Server/]: Loaded script server_scripts:mod_specific/storage_drawers/storage_drawers.js in 0.003 s
[12Feb2026 00:32:02.791] [main/INFO] [KubeJS Server/]: Loaded script server_scripts:mod_specific/apotheosis/apotheosis.js in 0.0 s
[12Feb2026 00:32:02.792] [main/INFO] [KubeJS Server/]: Loaded script server_scripts:mod_specific/woot/woot.js in 0.001 s
[12Feb2026 00:32:02.792] [main/INFO] [KubeJS Server/]: Loaded script server_scripts:mod_specific/metalbarrels/metalbarrels.js in 0.0 s
[12Feb2026 00:32:02.793] [main/INFO] [KubeJS Server/]: Loaded script server_scripts:mod_specific/angelring/angelring.js in 0.001 s
[12Feb2026 00:32:02.794] [main/INFO] [KubeJS Server/]: Loaded script server_scripts:mod_specific/resourcefulbees/resourcefulbees.js in 0.001 s
[12Feb2026 00:32:02.798] [main/INFO] [KubeJS Server/]: Loaded script server_scripts:mod_specific/resourcefulbees/comb_recipes.js in 0.002 s
[12Feb2026 00:32:02.800] [main/INFO] [KubeJS Server/]: Loaded script server_scripts:mod_specific/resourcefulbees/natural_spawn_recipes.js in 0.002 s
[12Feb2026 00:32:02.802] [main/INFO] [KubeJS Server/]: Loaded script server_scripts:mod_specific/solarflux/solarflux.js in 0.002 s
[12Feb2026 00:32:02.804] [main/INFO] [KubeJS Server/]: Loaded script server_scripts:mod_specific/botania/botania.js in 0.0 s
[12Feb2026 00:32:02.806] [main/INFO] [KubeJS Server/]: Loaded script server_scripts:mod_specific/botania/mjollnir.js in 0.002 s
[12Feb2026 00:32:02.806] [main/INFO] [KubeJS Server/]: Loaded script server_scripts:mod_specific/computercraft/computercraft.js in 0.0 s
[12Feb2026 00:32:02.808] [main/INFO] [KubeJS Server/]: Loaded script server_scripts:mod_specific/framedblocks/framedblocks.js in 0.002 s
[12Feb2026 00:32:02.812] [main/INFO] [KubeJS Server/]: Loaded script server_scripts:mod_specific/mekanism/mekanism.js in 0.002 s
[12Feb2026 00:32:02.813] [main/INFO] [KubeJS Server/]: Loaded script server_scripts:mod_specific/explorerscompass/explorerscompass.js in 0.0 s
[12Feb2026 00:32:02.816] [main/INFO] [KubeJS Server/]: Loaded script server_scripts:mod_specific/akashic_tome/akashic_tome.js in 0.003 s
[12Feb2026 00:32:02.817] [main/INFO] [KubeJS Server/]: Loaded script server_scripts:mod_specific/universal_grid/universal_grid.js in 0.001 s
[12Feb2026 00:32:02.821] [main/INFO] [KubeJS Server/]: Loaded script server_scripts:mod_specific/thermal/thermal.js in 0.002 s
[12Feb2026 00:32:02.821] [main/INFO] [KubeJS Server/]: Loaded script server_scripts:mod_specific/buildinggadgets/buildinggadgets.js in 0.0 s
[12Feb2026 00:32:02.822] [main/INFO] [KubeJS Server/]: Loaded script server_scripts:mod_specific/projectred/projectred.js in 0.0 s
[12Feb2026 00:32:02.822] [main/INFO] [KubeJS Server/]: Loaded script server_scripts:mod_specific/quarryplus/quarryplus.js in 0.0 s
[12Feb2026 00:32:02.825] [main/INFO] [KubeJS Server/]: Loaded script server_scripts:mod_specific/pams_harvestcraft/pams.js in 0.001 s
[12Feb2026 00:32:02.827] [main/INFO] [KubeJS Server/]: Loaded script server_scripts:mod_specific/pneumaticcraft/pneumaticcraft.js in 0.002 s
[12Feb2026 00:32:02.827] [main/INFO] [KubeJS Server/]: Loaded script server_scripts:mod_specific/compact_machines/compct_machines.js in 0.0 s
[12Feb2026 00:32:02.833] [main/INFO] [KubeJS Server/]: Loaded script server_scripts:mod_specific/_minecraft/minecraft.js in 0.006 s
[12Feb2026 00:32:02.836] [main/INFO] [KubeJS Server/]: Loaded script server_scripts:mod_specific/botany_pots/botany_pots.js in 0.003 s
[12Feb2026 00:32:02.842] [main/INFO] [KubeJS Server/]: Loaded script server_scripts:mod_specific/applied_energistics2/applied_energistics2.js in 0.003 s
[12Feb2026 00:32:02.843] [main/INFO] [KubeJS Server/]: Loaded script server_scripts:mod_specific/create/create.js in 0.001 s
[12Feb2026 00:32:02.847] [main/INFO] [KubeJS Server/]: Loaded script server_scripts:mod_specific/immersive_engineering/immersive_engineering.js in 0.004 s
[12Feb2026 00:32:02.852] [main/INFO] [KubeJS Server/]: Loaded script server_scripts:mod_specific/immersive_engineering/cloche.js in 0.005 s
[12Feb2026 00:32:02.855] [main/INFO] [KubeJS Server/]: Loaded script server_scripts:advanced_interactions/atm_shards.js in 0.003 s
[12Feb2026 00:32:02.856] [main/INFO] [KubeJS Server/]: Loaded script server_scripts:advanced_interactions/turtles.js in 0.001 s
[12Feb2026 00:32:02.858] [main/INFO] [KubeJS Server/]: Loaded script server_scripts:advanced_interactions/multiblock.js in 0.002 s
[12Feb2026 00:32:02.858] [main/INFO] [KubeJS Server/]: Loaded 71/71 KubeJS server scripts in 0.215 s
[12Feb2026 00:32:02.955] [main/INFO] [KubeJS Server/]: Scripts loaded
[12Feb2026 00:32:02.961] [main/INFO] [KubeJS/]: Registered custom recipe handler for type kubejs:shaped
[12Feb2026 00:32:02.963] [main/INFO] [KubeJS/]: Registered custom recipe handler for type kubejs:shapeless
[12Feb2026 00:32:02.963] [main/INFO] [KubeJS/]: Registered custom recipe handler for type minecraft:crafting_shaped
[12Feb2026 00:32:02.963] [main/INFO] [KubeJS/]: Registered custom recipe handler for type minecraft:crafting_shapeless
[12Feb2026 00:32:02.964] [main/INFO] [KubeJS/]: Registered custom recipe handler for type minecraft:stonecutting
[12Feb2026 00:32:02.965] [main/INFO] [KubeJS/]: Registered custom recipe handler for type minecraft:smelting
[12Feb2026 00:32:02.966] [main/INFO] [KubeJS/]: Registered custom recipe handler for type minecraft:blasting
[12Feb2026 00:32:02.966] [main/INFO] [KubeJS/]: Registered custom recipe handler for type minecraft:smoking
[12Feb2026 00:32:02.967] [main/INFO] [KubeJS/]: Registered custom recipe handler for type minecraft:campfire_cooking
[12Feb2026 00:32:02.968] [main/INFO] [KubeJS/]: Registered custom recipe handler for type minecraft:smithing
[12Feb2026 00:32:02.968] [main/INFO] [KubeJS/]: Registered custom recipe handler for type cucumber:shaped_no_mirror
[12Feb2026 00:32:02.969] [main/INFO] [KubeJS/]: Registered custom recipe handler for type mysticalagriculture:tag
[12Feb2026 00:32:02.970] [main/INFO] [KubeJS/]: Registered custom recipe handler for type botanypots:crop
[12Feb2026 00:32:02.971] [main/INFO] [KubeJS/]: Registered custom recipe handler for type dankstorage:upgrade
[12Feb2026 00:32:02.972] [main/INFO] [KubeJS/]: Registered custom recipe handler for type appliedenergistics2:grinder
[12Feb2026 00:32:02.973] [main/INFO] [KubeJS/]: Registered custom recipe handler for type botania:runic_altar
[12Feb2026 00:32:02.974] [main/INFO] [KubeJS/]: Registered custom recipe handler for type integrateddynamics:squeezer
[12Feb2026 00:32:02.975] [main/INFO] [KubeJS/]: Registered custom recipe handler for type integrateddynamics:mechanical_squeezer
[12Feb2026 00:32:02.976] [main/INFO] [KubeJS/]: Registered custom recipe handler for type ars_nouveau:enchanting_apparatus
[12Feb2026 00:32:02.977] [main/INFO] [KubeJS/]: Registered custom recipe handler for type ars_nouveau:enchantment
[12Feb2026 00:32:02.978] [main/INFO] [KubeJS/]: Registered custom recipe handler for type ars_nouveau:glyph_recipe
[12Feb2026 00:32:02.980] [main/INFO] [KubeJS/]: Registered custom recipe handler for type thermal:furnace
[12Feb2026 00:32:02.980] [main/INFO] [KubeJS/]: Registered custom recipe handler for type thermal:sawmill
[12Feb2026 00:32:02.980] [main/INFO] [KubeJS/]: Registered custom recipe handler for type thermal:pulverizer
[12Feb2026 00:32:02.981] [main/INFO] [KubeJS/]: Registered custom recipe handler for type thermal:smelter
[12Feb2026 00:32:02.982] [main/INFO] [KubeJS/]: Registered custom recipe handler for type thermal:insolator
[12Feb2026 00:32:02.982] [main/INFO] [KubeJS/]: Registered custom recipe handler for type thermal:centrifuge
[12Feb2026 00:32:02.983] [main/INFO] [KubeJS/]: Registered custom recipe handler for type thermal:press
[12Feb2026 00:32:02.983] [main/INFO] [KubeJS/]: Registered custom recipe handler for type thermal:crucible
[12Feb2026 00:32:02.983] [main/INFO] [KubeJS/]: Registered custom recipe handler for type thermal:chiller
[12Feb2026 00:32:02.984] [main/INFO] [KubeJS/]: Registered custom recipe handler for type thermal:refinery
[12Feb2026 00:32:02.984] [main/INFO] [KubeJS/]: Registered custom recipe handler for type thermal:pyrolyzer
[12Feb2026 00:32:02.985] [main/INFO] [KubeJS/]: Registered custom recipe handler for type thermal:brewer
[12Feb2026 00:32:02.985] [main/INFO] [KubeJS/]: Registered custom recipe handler for type thermal:bottler
[12Feb2026 00:32:02.986] [main/INFO] [KubeJS/]: Registered custom recipe handler for type thermal:pulverizer_catalyst
[12Feb2026 00:32:02.986] [main/INFO] [KubeJS/]: Registered custom recipe handler for type thermal:smelter_catalyst
[12Feb2026 00:32:02.987] [main/INFO] [KubeJS/]: Registered custom recipe handler for type thermal:insolator_catalyst
[12Feb2026 00:32:02.988] [main/INFO] [KubeJS/]: Registered custom recipe handler for type thermal:stirling_fuel
[12Feb2026 00:32:02.988] [main/INFO] [KubeJS/]: Registered custom recipe handler for type thermal:compression_fuel
[12Feb2026 00:32:02.989] [main/INFO] [KubeJS/]: Registered custom recipe handler for type thermal:magmatic_fuel
[12Feb2026 00:32:02.989] [main/INFO] [KubeJS/]: Registered custom recipe handler for type thermal:numismatic_fuel
[12Feb2026 00:32:02.990] [main/INFO] [KubeJS/]: Registered custom recipe handler for type thermal:lapidary_fuel
[12Feb2026 00:32:02.990] [main/INFO] [KubeJS/]: Registered custom recipe handler for type thermal:tree_extractor
[12Feb2026 00:32:02.991] [main/INFO] [KubeJS/]: Registered custom recipe handler for type thermal:tree_extractor_boost
[12Feb2026 00:32:02.993] [main/INFO] [KubeJS/]: Registered custom recipe handler for type thermal:fisher_boost
[12Feb2026 00:32:02.994] [main/INFO] [KubeJS/]: Registered custom recipe handler for type thermal:rock_gen
[12Feb2026 00:32:02.995] [main/INFO] [KubeJS/]: Registered custom recipe handler for type thermal:potion_diffuser_boost
[12Feb2026 00:32:02.996] [main/INFO] [KubeJS/]: Registered custom recipe handler for type create:sequenced_assembly
[12Feb2026 00:32:02.997] [main/INFO] [KubeJS/]: Registered custom recipe handler for type create:mechanical_crafting
[12Feb2026 00:32:02.998] [main/INFO] [KubeJS/]: Registered custom recipe handler for type create:conversion
[12Feb2026 00:32:02.998] [main/INFO] [KubeJS/]: Registered custom recipe handler for type create:crushing
[12Feb2026 00:32:02.998] [main/INFO] [KubeJS/]: Registered custom recipe handler for type create:cutting
[12Feb2026 00:32:02.999] [main/INFO] [KubeJS/]: Registered custom recipe handler for type create:milling
[12Feb2026 00:32:02.999] [main/INFO] [KubeJS/]: Registered custom recipe handler for type create:basin
[12Feb2026 00:32:02.999] [main/INFO] [KubeJS/]: Registered custom recipe handler for type create:mixing
[12Feb2026 00:32:02.999] [main/INFO] [KubeJS/]: Registered custom recipe handler for type create:compacting
[12Feb2026 00:32:02.999] [main/INFO] [KubeJS/]: Registered custom recipe handler for type create:pressing
[12Feb2026 00:32:02.999] [main/INFO] [KubeJS/]: Registered custom recipe handler for type create:sandpaper_polishing
[12Feb2026 00:32:02.999] [main/INFO] [KubeJS/]: Registered custom recipe handler for type create:splashing
[12Feb2026 00:32:03.000] [main/INFO] [KubeJS/]: Registered custom recipe handler for type create:deploying
[12Feb2026 00:32:03.000] [main/INFO] [KubeJS/]: Registered custom recipe handler for type create:filling
[12Feb2026 00:32:03.000] [main/INFO] [KubeJS/]: Registered custom recipe handler for type create:emptying
[12Feb2026 00:32:03.000] [main/INFO] [KubeJS/]: Registered custom recipe handler for type immersiveengineering:turn_and_copy
[12Feb2026 00:32:03.001] [main/INFO] [KubeJS/]: Registered custom recipe handler for type immersiveengineering:alloy
[12Feb2026 00:32:03.002] [main/INFO] [KubeJS/]: Registered custom recipe handler for type immersiveengineering:blast_furnace
[12Feb2026 00:32:03.003] [main/INFO] [KubeJS/]: Registered custom recipe handler for type immersiveengineering:blast_furnace_fuel
[12Feb2026 00:32:03.003] [main/INFO] [KubeJS/]: Registered custom recipe handler for type immersiveengineering:coke_oven
[12Feb2026 00:32:03.004] [main/INFO] [KubeJS/]: Registered custom recipe handler for type immersiveengineering:cloche
[12Feb2026 00:32:03.005] [main/INFO] [KubeJS/]: Registered custom recipe handler for type immersiveengineering:fertilizer
[12Feb2026 00:32:03.005] [main/INFO] [KubeJS/]: Registered custom recipe handler for type immersiveengineering:metal_press
[12Feb2026 00:32:03.006] [main/INFO] [KubeJS/]: Registered custom recipe handler for type immersiveengineering:arc_furnace
[12Feb2026 00:32:03.007] [main/INFO] [KubeJS/]: Registered custom recipe handler for type immersiveengineering:crusher
[12Feb2026 00:32:03.007] [main/INFO] [KubeJS/]: Registered custom recipe handler for type immersiveengineering:sawmill
[12Feb2026 00:32:03.008] [main/INFO] [KubeJS/]: Registered custom recipe handler for type mekanism:crushing
[12Feb2026 00:32:03.008] [main/INFO] [KubeJS/]: Registered custom recipe handler for type mekanism:enriching
[12Feb2026 00:32:03.009] [main/INFO] [KubeJS/]: Registered custom recipe handler for type mekanism:smelting
[12Feb2026 00:32:03.009] [main/INFO] [KubeJS/]: Registered custom recipe handler for type mekanism:chemical_infusing
[12Feb2026 00:32:03.010] [main/INFO] [KubeJS/]: Registered custom recipe handler for type mekanism:combining
[12Feb2026 00:32:03.010] [main/INFO] [KubeJS/]: Registered custom recipe handler for type mekanism:crystallizing
[12Feb2026 00:32:03.010] [main/INFO] [KubeJS/]: Registered custom recipe handler for type mekanism:dissolution
[12Feb2026 00:32:03.011] [main/INFO] [KubeJS/]: Registered custom recipe handler for type mekanism:compressing
[12Feb2026 00:32:03.011] [main/INFO] [KubeJS/]: Registered custom recipe handler for type mekanism:purifying
[12Feb2026 00:32:03.011] [main/INFO] [KubeJS/]: Registered custom recipe handler for type mekanism:injecting
[12Feb2026 00:32:03.012] [main/INFO] [KubeJS/]: Registered custom recipe handler for type mekanism:energy_conversion
[12Feb2026 00:32:03.012] [main/INFO] [KubeJS/]: Registered custom recipe handler for type mekanism:gas_conversion
[12Feb2026 00:32:03.013] [main/INFO] [KubeJS/]: Registered custom recipe handler for type mekanism:oxidizing
[12Feb2026 00:32:03.013] [main/INFO] [KubeJS/]: Registered custom recipe handler for type mekanism:metallurgic_infusing
[12Feb2026 00:32:03.014] [main/INFO] [KubeJS/]: Registered custom recipe handler for type mekanism:reaction
[12Feb2026 00:32:03.015] [main/INFO] [KubeJS/]: Registered custom recipe handler for type mekanism:sawing
[12Feb2026 00:32:03.016] [main/INFO] [KubeJS/]: Registered custom recipe handler for type bloodmagic:altar
[12Feb2026 00:32:03.016] [main/INFO] [KubeJS/]: Registered custom recipe handler for type bloodmagic:array
[12Feb2026 00:32:03.017] [main/INFO] [KubeJS/]: Registered custom recipe handler for type bloodmagic:soulforge
[12Feb2026 00:32:03.018] [main/INFO] [KubeJS/]: Registered custom recipe handler for type bloodmagic:arc
[12Feb2026 00:32:03.018] [main/INFO] [KubeJS/]: Registered custom recipe handler for type bloodmagic:alchemytable
[12Feb2026 00:32:03.031] [main/INFO] [KubeJS Server/]: Scanning recipes...
[12Feb2026 00:32:03.042] [main/INFO] [net.minecraft.resources.SimpleReloadableResourceManager/]: Reloading ResourceManager: KubeJS Virtual Data Pack [low priority], Default, BetterDungeons-1.16.4-1.2.1.jar, ftb-essentials-1605.1.5-build.32.jar, supermartijn642configlib-1.1.8-forge-mc1.16.jar, AdditionalEnchantedMiner-1.16.5-16.1.11.jar, simplemagnets-1.1.10-forge-mc1.16.jar, IntegratedTerminals-1.16.5-1.2.13.jar, HammerLib-1.16.5-16.3.30.jar, entitycollisionfpsfix-1.16-1.0.1.jar, mcw-windows-2.2.1-mc1.16.5forge.jar, windowlogging-mc1.16.5_v0.0.5.jar, modnametooltip_1.16.2-1.15.0.jar, IronJetpacks-1.16.5-4.2.3.jar, ForgeEndertech-1.16.5-7.3.0.0-build.0330.jar, CTM-MC1.16.1-1.1.2.6.jar, modernfix-forge-5.12.0+mc1.16.5.jar, YungsApi-1.16.4-Forge-13.jar, Powah-1.16.5-2.3.16.jar, cabletiers-1.16.5-0.545.jar, rangedpumps-0.8.2.jar, jumbofurnace-1.16.4-2.2.0.1.jar, WitherSkeletonTweaks-1.16.5-5.4.1.jar, Shrink-1.16.5-1.1.6.jar, reliquary-1.16.5-1.3.5.1124.jar, universalgrid-1.16.5-1.0321.jar, randompatches-2.4.4-forge.jar, Apotheosis-1.16.5-4.8.9A0.jar, WaterStrainer-1.16.3-10.0.0.jar, dynviewdist-2.0.jar, TMechworks-1.16.3+-2.2.5.jar, DeLogger-3.0.4-build.20+mc1.16.5.jar, shetiphiancore-1.16-3.8.6.jar, supplementaries-1.16.5-0.18.7.jar, refinedstorage-1.9.18.jar, novillagerdm-1.0.1.jar, alltheores-1.3.6-1.16.5-36.1.0.jar, industrial-foregoing-1.16.5-3.2.14.7-19.jar, cleancut-mc1.16-2.2-forge.jar, torchmaster-2.3.8.jar, repurposed_structures_forge-3.4.7+1.16.5.jar, fastfurnaceminusreplacement-1.1-1.16.3.jar, BiomesOPlenty-1.16.5-13.1.0.486-universal.jar, ironfurnaces-1.16.5-2.7.7.jar, mcw-trapdoors-1.1.2-mc1.16.5forge.jar, silent-gear-1.16.5-2.6.30.jar, supermartijn642corelib-1.1.15-forge-mc1.16.jar, Botania-1.16.5-420.3.jar, SpawnerFix-1.16.2-1.0.0.2.jar, spark-1.9.1-forge.jar, portality-1.16.5-3.2.5.jar, curios-forge-1.16.5-4.1.0.0.jar, corail_woodcutter-1.16-2.0.2.jar, tanknull-2.3-1.16.4.jar, angelring-1.16.5-1.3.4.1.jar, tombstone-6.7.9-1.16.5.jar, ExtraStorage-1.16.5-1.6.1.jar, NaturesAura-34.3.jar, constructionwand-1.16.5-2.6.jar, mcw-roofs-2.2.4-mc1.16.5forge.jar, cfm-7.0.0pre22-1.16.3.jar, observerlib-1.16.5-1.5.3.jar, globalxp-1.16.5-v1.10.jar, AdChimneys-1.16.5-6.1.0.0-build.0330.jar, FastLeafDecay-v25.2.jar, CodeChickenLib-1.16.5-4.0.7.445-universal.jar, CBMultipart-1.16.5-3.0.4.123-universal.jar, Babel-1.0.5.jar, JEPB-1.0.0.jar, BetterMineshafts-Forge-1.16.4-2.0.4.jar, geckolib-forge-1.16.5-3.0.106.jar, SaveMyStronghold-1.16.4-1.0.jar, ClientTweaks_1.16.3-5.3.0.jar, nomowanderer_MC1.16.5_1.2.jar, woot-1.16.5-1.0.8.4.jar, bagofyurting-1.16.4-1.2.0.1.jar, jei-1.16.5-7.8.0.1009.jar, jei-professions-1.0.0-1.16.4.jar, AttributeFix-1.16.5-10.1.4.jar, Mekanism-1.16.5-10.1.2.457.jar, caelus-forge-1.16.5-2.1.3.2.jar, AllTheCompressed-1.0.4-1.16.5-36.2.29.jar, invtweaks-1.16.4-1.0.1.jar, shutupexperimentalsettings-1.0.3.jar, NaturesCompass-1.16.5-1.9.1-forge.jar, catjammies-1.1.0.jar, LibX-1.16.3-1.0.76.jar, compactmachines-4.0.0-beta.2.jar, phosphophyllite-1.16.5-0.5.1.jar, engineerstools-1.16.5-1.1.7.jar, curioofundying-forge-1.16.5-5.2.0.0.jar, FarmingForBlockheads_1.16.5-7.3.1.jar, pneumaticcraft-repressurized-1.16.5-2.15.12-13.jar, pedestals-0.8u.jar, memoryleakfix-forge-pre1.17-1.0.0.jar, extradisks-1.16.4-1.5.1.jar, ImmersivePetroleum-1.16.5-3.4.0-20.jar, ironchest-1.16.5-11.2.21.jar, MythicBotany-1.16.5-1.4.19.jar, IntegratedCrafting-1.16.5-1.0.23.jar, theoneprobe-1.16-3.1.7.jar, useful_railroads-1.16.5-1.4.6.38.jar, pamhc2crops-1.16.3-1.0.2.jar, creativeapiary-1.16.5-1.72.jar, jeiintegration_1.16.5-7.1.0.22.jar, pipez-1.16.5-1.2.15.jar, flywheel-1.16-0.2.5.jar, Mantle-1.16.5-1.6.157.jar, IntegratedDynamics-1.16.5-1.10.15.jar, integratednbt-1.16.4-1.4.2.jar, pamhc2foodcore-1.16.3-1.0.2.jar, ftb-backups-2.1.2.2.jar, polymorph-forge-1.16.5-0.25.jar, AutoRegLib-1.6-49.jar, structurize-1.16.5-1.0.418-ALPHA.jar, norecipeadvancements-1.0.1.jar, creativecrafter-1.16.5-0.1522.jar, PickleTweaks-1.16.5-5.2.6.jar, lootr-1.16.5-0.2.18.49.jar, parry-2.1.jar, allthetweaks-1.4.5-1.16.5-36.1.13.jar, byg-1.3.6.jar, extremeSoundMuffler-3.18_1.16.5.jar, CosmeticArmorReworked-1.16.5-v5.jar, xptome-1.16.5-v2.1.5.jar, rsrequestify-1.16.5-2.1.6.jar, CyclopsCore-1.16.5-1.13.0.jar, astralsorcery-1.16.5-1.14.1.jar, NetherPortalFix_1.16.3-7.2.1.jar, aiotbotania-1.16.5-1.8.4.jar, advancedperipherals-1.16.5-0.7.10r.jar, tinyredstone-1.16.5-1.13.9.jar, eidolon-0.2.7.jar, managear-1.16.3-2.2.3.jar, JustEnoughCalculation-1.16.5-3.8.6.jar, incontrol-1.16-5.2.12.jar, connectivity-2.4-1.16.5.jar, rsgauges-1.16.5-1.2.17.jar, findme-1.16.3-2.2.1.0.jar, glassential-forge-1.16.5-1.1.7.jar, TerraForged-1.16.5-0.2.16.jar, configurableextramobdrops_1.16.5-2.5.jar, CookingForBlockheads_1.16.5-9.3.4.jar, Controlling-7.0.0.29.jar, Placebo-1.16.5-4.7.1.jar, dankstorage-1.16.5-3.21.jar, citadel-1.8.1-1.16.5.jar, iceandfire-2.1.9-1.16.5.jar, allthemodium-1.5.18-1.16.5-36.1.23.jar, mightyarchitect-mc1.16.3_v0.5.jar, potionsmaster-0.2.2-1.16.5-36.1.0.jar, moreminecarts-1.3.19.jar, culinaryconstruct-forge-1.16.5-4.0.1.0.jar, cartographer-0.0.2-1.16.5-36.0.52.jar, Bookshelf-Forge-1.16.5-10.4.33.jar, DarkUtilities-1.16.5-8.0.14.jar, BotanyPots-1.16.5-7.1.41.jar, BotanyTrees-1.16.5-3.0.12.jar, sophisticatedbackpacks-1.16.5-3.15.20.755.jar, u_team_core-1.16.5-3.2.1.196.jar, buildinggadgets-1.16.5-3.8.4-build.25+mc1.16.5.jar, FramedBlocks-2.16.3.jar, forge-1.16.5-36.2.42-universal.jar, cofh_core-1.16.5-1.5.2.22.jar, thermal_foundation-1.16.5-1.5.2.30.jar, thermal_innovation-1.16.5-1.5.0.4.jar, thermal_locomotion-1.16.5-1.5.0.4.jar, Psi-1.16-97.474.jar, thermal_cultivation-1.16.5-1.5.0.4.jar, appleskin-forge-mc1.16.x-2.5.1.jar, Aquaculture-1.16.5-2.1.23.jar, mcw-doors-1.1.0forge-mc1.16.5.jar, LightingWand-1.16.4-1.8.1.jar, jeed-1.16.5-1.6.jar, MekanismGenerators-1.16.5-10.1.2.457.jar, XNetGases-1.16.5-2.3.10.jar, dummmmmmy-1.16.5-1.3.3.jar, absentbydesign-1.16.5-1.5.2.jar, twilightforest-1.16.5-4.0.870-universal.jar, mob_grinding_utils-1.16.5-0.4.47.jar, RSInfinityBooster-1.16.5-1.1+13.jar, chipped-1.16.5-1.2.1-forge.jar, chocolate-1.3.0-1.16.4.jar, mcw-bridges-2.1.0-mc1.16.5forge.jar, useful_backpacks-1.16.5-1.12.1.90.jar, ResourcefulBees-1.16.5-0.10.7.jar, HostileNeuralNetworks-1.16.5-1.0.7.jar, entangled-1.3.16-forge-mc1.16.jar, endertanks-1.16-1.9.7.jar, CommonCapabilities-1.16.5-2.8.0.jar, crashutilities-3.13.jar, Compressium-1.16.5-1.2.3.jar, getittogetherdrops-1.16.5-v1.2.jar, MekanismAdditions-1.16.5-10.1.2.457.jar, valkyrielib-1.16.5-3.0.9.5.jar, envirocore-1.16.5-3.0.9.3.jar, envirotech-1.16.5-3.0.9.4.jar, Lollipop-1.16.5-3.2.9.jar, mcw-fences-1.1.1-mc1.16.5forge.jar, simplylight-1.16.5-1.4.2-build.32.jar, tgcropesmod-1.16.2-1.1.0.jar, atmadditions-1.16.5-1.0.2.jar, pamhc2foodextended-1.16.3-1.0.5.jar, SolarFluxReborn-1.16.5-16.3.9.jar, dpanvil-1.16.5-1.3.1.jar, Patchouli-1.16.4-53.3.jar, ars_nouveau-1.16.5-1.25.10.jar, collective-1.16.5-5.49.jar, time-in-a-bottle-1.1.0.jar, thermal_expansion-1.16.5-1.5.2.16.jar, IntegratedTunnels-1.16.5-1.8.11.jar, DrawersTooltip-1.16.2-2.1.1.jar, MysticalCustomization-1.16.5-2.1.7.jar, lostcities-1.16-4.0.12-beta.jar, elevatorid-1.16.5-1.7.13.jar, GunpowderLib-1.16.5-1.2.3.jar, ftb-ultimine-forge-1605.3.1-build.45.jar, BetterStrongholds-1.16.4-1.2.1.jar, buildersaddition-1.16.5-20210807a.jar, Runelic-1.16.5-7.0.3.jar, starterkit_1.16.5-4.1.jar, MekanismTools-1.16.5-10.1.2.457.jar, architectury-1.32.66.jar, ftb-library-forge-1605.3.4-build.90.jar, ftb-teams-forge-1605.2.3-build.40.jar, ftb-ranks-forge-1605.1.6-build.33.jar, curiouselytra-forge-1.16.5-4.0.2.4.jar, cc-tweaked-1.16.5-1.101.3.jar, ProjectRed-1.16.5-4.15.0-core.jar, energymeter-1.16.5-1.6.1.jar, ProjectRed-1.16.5-4.15.0-exploration.jar, ProjectRed-1.16.5-4.15.0-integration.jar, ProjectRed-1.16.5-4.15.0-illumination.jar, ProjectRed-1.16.5-4.15.0-transmission.jar, trashcans-1.0.18-forge-mc1.16.jar, TrampleStopper-2.6.1-build.22+mc1.16.5.jar, smallships-1.16.5-1.10.3.jar, bwncr-1.16.5-3.10.16.jar, observable-0.2.1-forge.jar, Cyclic-1.16.5-1.5.20.jar, BetterAdvancements-1.16.5-0.1.1.115.jar, rhino-forge-1605.1.5-build.75.jar, biggerreactors-1.16.5-0.5.1.jar, Cucumber-1.16.5-4.1.12.jar, TrashSlot_1.16.3-12.2.1.jar, pamhc2trees-1.16.3-1.0.2.jar, flatbedrock-1.2.0-build.2+mc1.16.5.jar, craftingstation-4.2.jar, item-filters-forge-1605.2.5-build.9.jar, elementalcraft-1.16.5-2.7.17.jar, platforms-1.16-1.7.12.jar, metalbarrels-1.16.5-3.4a.jar, abnormals_core-1.16.5-3.3.1.jar, upgrade_aquatic-1.16.5-3.1.2.jar, ponderjs-1.16.5-1.0.3d.jar, ae2extras-1.3.1-1.16.5.jar, ensorcellation-1.16.5-1.5.0.4.jar, create-mc1.16.5_v0.3.2g.jar, ZYCraft-1.16.5-3.1.34.jar, Waystones_1.16.5-7.6.4.jar, FastSuite-1.16.4-1.1.1.jar, Clumps-6.0.0.28.jar, enviromats-1.16.5-2.0.9.0.jar, RoadRunner-mc1.16.5-1.5.1.jar, comforts-forge-1.16.5-4.0.1.5.jar, appliedenergistics2-8.4.7.jar, lazierae2-1.16.5-2.0.5.jar, AEInfinityBooster-1.16.5-1.0.0+12.jar, Artifacts-1.16.5-2.10.5.jar, framedcompactdrawers-1.16-2.2.1.jar, configured-1.5.4-1.16.5.jar, DimStorage-1.16.5-4.4.1.jar, DungeonCrawl-1.16.5-2.3.12.jar, demagnetize-forge-1.16.2-1.2.2.jar, TravelAnchors-2.4.jar, lazydfu-0.1.3.jar, mcjtylib-1.16-5.1.8.jar, rftoolsbase-1.16-2.1.5.jar, xnet-1.16-3.0.17.jar, rftoolsdim-1.16-7.0.21.jar, rftoolspower-1.16-3.0.14.jar, rftoolsbuilder-1.16-3.1.11.jar, rftoolsstorage-1.16-2.0.19.jar, rftoolscontrol-1.16-4.0.18.jar, restrictions-1.16-3.0.6.jar, ExplorersCompass-1.16.5-1.1.2-forge.jar, mahoutsukai-1.16.5-v1.34.61.jar, mininggadgets-1.7.6.jar, EnderStorage-1.16.5-2.8.0.170-universal.jar, AkashicTome-1.4-16.jar, ftb-chunks-forge-1605.3.4-build.220.jar, kubejs-forge-1605.3.19-build.299.jar, kubejs-thermal-1605.1.4-build.4.jar, ftb-quests-forge-1605.3.7-build.165.jar, kubejs-create-1605.1.4-build.12.jar, kubejs-mekanism-1605.1.2-build.2.jar, BloodMagic-1.16.4-3.1.13-39.jar, tomeofblood-1.16.5-1.2.3.jar, kubejs-blood-magic-1605.1.1-build.3.jar, scuba-gear-1.16.5-1.0.3.jar, BrandonsCore-1.16.5-3.0.15.248-universal.jar, Draconic-Evolution-1.16.5-3.0.29.518-universal.jar, ProjectIntelligence-1.16.5-1.1.0.35-universal.jar, ImmersivePosts-1.16.5-4.3.0-1.jar, ImmersiveEngineering-1.16.5-5.1.0-148.jar, kubejs-immersive-engineering-1605.1.2-build.28.jar, selene-1.16.5-1.9.0.jar, MysticalAgriculture-1.16.5-4.2.6.jar, MysticalAgradditions-1.16.5-4.2.4.jar, sounddeviceoptions-1.4.3.jar, CraftingTweaks_1.16.5-12.2.1.jar, TConstruct-1.16.5-3.3.4.335.jar, rftoolsutility-1.16-3.1.16.jar, EnchantmentDescriptions-1.16.5-7.1.23.jar, ToolBelt-1.16.5-1.16.3.jar, titanium-1.16.5-3.2.8.8-24.jar, mana-and-artifice-1.5.1.7.jar, silent-lib-1.16.3-4.9.6.jar, Exchangers-1.16.5-3.2.1.jar, ctiers-1.16.5-1.4.jar, archers_paradox-1.16.5-1.5.0.2.jar, omgourd-1.16.5-1.5.0.2.jar, enviroenergy-1.16.5-3.0.9.1.jar, actuallycompatible-0.1.2.jar, Iceberg-1.16.5-1.0.41.jar, Quark-r2.4-322.jar, creativewirelesstransmitter-1.16x-1.12.jar, FastWorkbench-1.16.5-4.6.2.jar, StorageDrawers-1.16.3-8.5.2.jar, topaddons-1.16.5-2.2.0-beta.jar, FluxNetworks-1.16.5-6.2.1.14.jar, enderchests-1.16-1.7.9.jar, minecolonies-1.16.5-1.0.978-RELEASE.jar, pylons-1.16.5-1.1.0.jar, ferritecore-2.1.1-forge.jar, engineersdecor-1.16.5-forge-1.1.19.jar, Chisel-MC1.16.5-2.0.1-alpha.4.jar, SoL-Carrot-1.16.5-1.10.1.jar, modular-routers-1.16.5-7.5.46.jar, refinedstorageaddons-0.7.4.jar, expandability-2.0.1-forge.jar, botanicalmachinery-1.16.4-0.4.6.jar, valhelsia_core-16.0.13a.jar, forbidden_arcanus-16.2.3.jar, overloadedarmorbar-5.1.0.jar, Morph-o-Tool-1.4-27.jar, Translocators-1.16.5-2.6.0.82-universal.jar, createaddition-1.16.5-20220129a.jar, balancedenchanting-1.16.2-1.1.jar, resourcefulbees:internals, Solar Flux Generated Resources, KubeJS Resource Pack [data], KubeJS Virtual Data Pack [high priority]
[12Feb2026 00:32:03.043] [main/INFO] [ModernFix/]: Invalidating pack caches
[12Feb2026 00:32:08.952] [Worker-Main-3/INFO] [KubeJS Server/]: [blocks] Found 1807 tags, added 4549 objects, removed 46 objects
[12Feb2026 00:32:08.954] [Worker-Main-3/INFO] [KubeJS Server/]: [blocks] Found 1807 tags, added 0 objects, removed 0 objects
[12Feb2026 00:32:09.009] [Worker-Main-3/ERROR] [net.minecraft.tags.TagCollectionReader/]: Couldn't load block tag farmersdelight:mushroom_colony_growable_on as it is missing following references: supplementaries:planter_rich (from supplementaries-1.16.5-0.18.7.jar)
[12Feb2026 00:32:10.738] [Worker-Main-3/INFO] [KubeJS Server/]: [items] Found 3767 tags, added 2044 objects, removed 19 objects
[12Feb2026 00:32:10.743] [Worker-Main-3/INFO] [KubeJS Server/]: [items] Found 3767 tags, added 0 objects, removed 0 objects
[12Feb2026 00:32:10.810] [Worker-Main-3/ERROR] [net.minecraft.tags.TagCollectionReader/]: Couldn't load item tag forge:marble as it is missing following references: #enviromats:marble (from enviromats-1.16.5-2.0.9.0.jar)
[12Feb2026 00:32:10.811] [Worker-Main-3/ERROR] [net.minecraft.tags.TagCollectionReader/]: Couldn't load item tag forge:granodiorite as it is missing following references: #enviromats:granodiorite (from enviromats-1.16.5-2.0.9.0.jar)
[12Feb2026 00:32:10.811] [Worker-Main-3/ERROR] [net.minecraft.tags.TagCollectionReader/]: Couldn't load item tag forge:hardened_stone as it is missing following references: #enviromats:hardened_stone (from enviromats-1.16.5-2.0.9.0.jar)
[12Feb2026 00:32:10.811] [Worker-Main-3/ERROR] [net.minecraft.tags.TagCollectionReader/]: Couldn't load item tag forge:basalt as it is missing following references: #enviromats:basalt (from enviromats-1.16.5-2.0.9.0.jar)
[12Feb2026 00:32:10.811] [Worker-Main-3/ERROR] [net.minecraft.tags.TagCollectionReader/]: Couldn't load item tag forge:pumice as it is missing following references: #enviromats:pumice (from enviromats-1.16.5-2.0.9.0.jar)
[12Feb2026 00:32:10.811] [Worker-Main-3/ERROR] [net.minecraft.tags.TagCollectionReader/]: Couldn't load item tag forge:travertine as it is missing following references: #enviromats:travertine (from enviromats-1.16.5-2.0.9.0.jar)
[12Feb2026 00:32:10.815] [Worker-Main-3/INFO] [KubeJS Server/]: [fluids] Found 165 tags, added 67 objects, removed 0 objects
[12Feb2026 00:32:10.815] [Worker-Main-3/INFO] [KubeJS Server/]: [fluids] Found 165 tags, added 0 objects, removed 0 objects
[12Feb2026 00:32:10.820] [Worker-Main-3/INFO] [KubeJS Server/]: [entity_types] Found 52 tags, added 652 objects, removed 0 objects
[12Feb2026 00:32:10.820] [Worker-Main-3/INFO] [KubeJS Server/]: [entity_types] Found 52 tags, added 0 objects, removed 0 objects
[12Feb2026 00:32:10.821] [Worker-Main-3/INFO] [KubeJS Server/]: [tunnel_types] Found 0 tags, added 0 objects, removed 0 objects
[12Feb2026 00:32:10.821] [Worker-Main-3/INFO] [KubeJS Server/]: [tunnel_types] Found 0 tags, added 0 objects, removed 0 objects
[12Feb2026 00:32:10.821] [Worker-Main-3/INFO] [KubeJS Server/]: [potions] Found 0 tags, added 0 objects, removed 0 objects
[12Feb2026 00:32:10.821] [Worker-Main-3/INFO] [KubeJS Server/]: [potions] Found 0 tags, added 0 objects, removed 0 objects
[12Feb2026 00:32:10.821] [Worker-Main-3/INFO] [KubeJS Server/]: [pigments] Found 0 tags, added 0 objects, removed 0 objects
[12Feb2026 00:32:10.821] [Worker-Main-3/INFO] [KubeJS Server/]: [pigments] Found 0 tags, added 0 objects, removed 0 objects
[12Feb2026 00:32:10.821] [Worker-Main-3/INFO] [KubeJS Server/]: [enchantments] Found 1 tags, added 0 objects, removed 0 objects
[12Feb2026 00:32:10.822] [Worker-Main-3/INFO] [KubeJS Server/]: [enchantments] Found 1 tags, added 0 objects, removed 0 objects
[12Feb2026 00:32:10.822] [Worker-Main-3/INFO] [KubeJS Server/]: [tile_entity_types] Found 5 tags, added 0 objects, removed 0 objects
[12Feb2026 00:32:10.822] [Worker-Main-3/INFO] [KubeJS Server/]: [tile_entity_types] Found 5 tags, added 0 objects, removed 0 objects
[12Feb2026 00:32:10.822] [Worker-Main-3/INFO] [KubeJS Server/]: [slurries] Found 2 tags, added 0 objects, removed 0 objects
[12Feb2026 00:32:10.822] [Worker-Main-3/INFO] [KubeJS Server/]: [slurries] Found 2 tags, added 0 objects, removed 0 objects
[12Feb2026 00:32:10.822] [Worker-Main-3/INFO] [KubeJS Server/]: [infuse_types] Found 8 tags, added 0 objects, removed 0 objects
[12Feb2026 00:32:10.823] [Worker-Main-3/INFO] [KubeJS Server/]: [infuse_types] Found 8 tags, added 0 objects, removed 0 objects
[12Feb2026 00:32:10.823] [Worker-Main-3/INFO] [KubeJS Server/]: [gases] Found 5 tags, added 0 objects, removed 0 objects
[12Feb2026 00:32:10.823] [Worker-Main-3/INFO] [KubeJS Server/]: [gases] Found 5 tags, added 0 objects, removed 0 objects
[12Feb2026 00:32:10.835] [Worker-Main-3/INFO] [com.minecraftabnormals.abnormals_core.core.AbnormalsCore/]: Loot Modification Manager has loaded 0 sets of modifiers
[12Feb2026 00:32:11.059] [Worker-Main-3/INFO] [com.ma.ManaAndArtifice/]: Received new training data for mana-and-artifice:manaweave_patterns/circle
[12Feb2026 00:32:11.139] [Worker-Main-3/WARN] [KubeJS Server/]: Failed to parse recipe 'botanytrees:tconstruct/earth_slime_sappling[botanypots:crop]'! Falling back to vanilla: com.google.gson.JsonSyntaxException: Missing minRolls, expected to find a Int
[12Feb2026 00:32:11.139] [Worker-Main-3/WARN] [KubeJS Server/]: Failed to parse recipe botanytrees:tconstruct/earth_slime_sappling[botanypots:crop]: com.google.gson.JsonSyntaxException: Missing minRolls, expected to find a Int
[12Feb2026 00:32:11.265] [Worker-Main-3/INFO] [pneumaticcraft/]: ignoring heat properties for block occultism:spirit_fire: mod not loaded
[12Feb2026 00:32:11.363] [Worker-Main-3/INFO] [com.ma.ManaAndArtifice/]: Received new training data for mana-and-artifice:manaweave_patterns/star
[12Feb2026 00:32:11.532] [Worker-Main-3/INFO] [com.ma.ManaAndArtifice/]: Received new training data for mana-and-artifice:manaweave_patterns/slash
[12Feb2026 00:32:11.671] [Worker-Main-3/WARN] [com.ma.ManaAndArtifice/]: Recipe mana-and-artifice:multiblock/eldrin_altar does not define a tier, defaulting to 1.
[12Feb2026 00:32:11.729] [Worker-Main-3/INFO] [com.ma.ManaAndArtifice/]: Received new training data for mana-and-artifice:manaweave_patterns/backslash
[12Feb2026 00:32:11.746] [Worker-Main-3/INFO] [com.ma.ManaAndArtifice/]: Received new training data for mana-and-artifice:manaweave_patterns/split_triangle
[12Feb2026 00:32:11.771] [Worker-Main-3/INFO] [com.ma.ManaAndArtifice/]: Received new training data for mana-and-artifice:manaweave_patterns/knot
[12Feb2026 00:32:12.076] [Worker-Main-3/INFO] [com.ma.ManaAndArtifice/]: Received new training data for mana-and-artifice:manaweave_patterns/inverted_split_triangle
[12Feb2026 00:32:12.154] [Worker-Main-3/INFO] [pneumaticcraft/]: ignoring heat properties for block decorative_blocks:soul_brazier: mod not loaded
[12Feb2026 00:32:12.155] [Worker-Main-3/INFO] [com.ma.ManaAndArtifice/]: Received new training data for mana-and-artifice:manaweave_patterns/infinity
[12Feb2026 00:32:12.160] [Worker-Main-3/INFO] [com.ma.ManaAndArtifice/]: Received new training data for mana-and-artifice:manaweave_patterns/hourglass
[12Feb2026 00:32:12.188] [Worker-Main-3/INFO] [pneumaticcraft/]: ignoring heat properties for block valhelsia_structures:brazier: mod not loaded
[12Feb2026 00:32:12.247] [Worker-Main-3/INFO] [com.ma.ManaAndArtifice/]: Received new training data for mana-and-artifice:manaweave_patterns/inverted_triangle
[12Feb2026 00:32:12.282] [Worker-Main-3/INFO] [pneumaticcraft/]: ignoring heat properties for block betterendforge:emerald_ice: mod not loaded
[12Feb2026 00:32:12.361] [Worker-Main-3/INFO] [com.ma.ManaAndArtifice/]: Received new training data for mana-and-artifice:manaweave_patterns/square
[12Feb2026 00:32:12.394] [Worker-Main-3/WARN] [com.ma.ManaAndArtifice/]: Recipe mana-and-artifice:multiblock/wellspring_capture does not define a tier, defaulting to 1.
[12Feb2026 00:32:12.411] [Worker-Main-3/INFO] [com.ma.ManaAndArtifice/]: Received new training data for mana-and-artifice:manaweave_patterns/knot3
[12Feb2026 00:32:12.411] [Worker-Main-3/INFO] [com.ma.ManaAndArtifice/]: Received new training data for mana-and-artifice:manaweave_patterns/knot4
[12Feb2026 00:32:12.411] [Worker-Main-3/INFO] [com.ma.ManaAndArtifice/]: Received new training data for mana-and-artifice:manaweave_patterns/knot2
[12Feb2026 00:32:12.443] [Worker-Main-3/WARN] [com.ma.ManaAndArtifice/]: Recipe mana-and-artifice:multiblock/test_multiblock does not define a tier, defaulting to 1.
[12Feb2026 00:32:12.491] [Worker-Main-3/INFO] [pneumaticcraft/]: ignoring heat properties for block betterendforge:ancient_emerald_ice: mod not loaded
[12Feb2026 00:32:12.502] [Worker-Main-3/INFO] [pneumaticcraft/]: ignoring heat properties for block betterendforge:dense_emerald_ice: mod not loaded
[12Feb2026 00:32:12.533] [Worker-Main-3/INFO] [pneumaticcraft/]: ignoring heat properties for block decorative_blocks:brazier: mod not loaded
[12Feb2026 00:32:12.561] [Worker-Main-3/INFO] [pneumaticcraft/]: ignoring heat properties for block natura:nether_heat_sand: mod not loaded
[12Feb2026 00:32:12.570] [Worker-Main-3/INFO] [com.ma.ManaAndArtifice/]: Received new training data for mana-and-artifice:manaweave_patterns/diamond
[12Feb2026 00:32:12.599] [Worker-Main-3/INFO] [com.ma.ManaAndArtifice/]: Received new training data for mana-and-artifice:manaweave_patterns/triangle
[12Feb2026 00:32:12.782] [Worker-Main-3/INFO] [KubeJS Server/]: Found 37900 recipes and 0 failed recipes in 1.946 s
[12Feb2026 00:32:18.741] [Worker-Main-3/INFO] [KubeJS Server/]: Posted recipe events in 5.958 s
[12Feb2026 00:32:18.790] [Worker-Main-3/INFO] [com.ma.ManaAndArtifice/]: Received new training data for mana-and-artifice:manaweave_patterns/circle
[12Feb2026 00:32:18.893] [Worker-Main-3/INFO] [com.ma.ManaAndArtifice/]: Received new training data for mana-and-artifice:manaweave_patterns/star
[12Feb2026 00:32:18.966] [Worker-Main-3/INFO] [com.ma.ManaAndArtifice/]: Received new training data for mana-and-artifice:manaweave_patterns/slash
[12Feb2026 00:32:19.068] [Worker-Main-3/WARN] [com.ma.ManaAndArtifice/]: Recipe mana-and-artifice:multiblock/eldrin_altar does not define a tier, defaulting to 1.
[12Feb2026 00:32:19.102] [Worker-Main-3/INFO] [com.ma.ManaAndArtifice/]: Received new training data for mana-and-artifice:manaweave_patterns/backslash
[12Feb2026 00:32:19.107] [Worker-Main-3/INFO] [com.ma.ManaAndArtifice/]: Received new training data for mana-and-artifice:manaweave_patterns/split_triangle
[12Feb2026 00:32:19.119] [Worker-Main-3/INFO] [com.ma.ManaAndArtifice/]: Received new training data for mana-and-artifice:manaweave_patterns/knot
[12Feb2026 00:32:19.255] [Worker-Main-3/INFO] [com.ma.ManaAndArtifice/]: Received new training data for mana-and-artifice:manaweave_patterns/inverted_split_triangle
[12Feb2026 00:32:19.297] [Worker-Main-3/INFO] [com.ma.ManaAndArtifice/]: Received new training data for mana-and-artifice:manaweave_patterns/infinity
[12Feb2026 00:32:19.301] [Worker-Main-3/INFO] [com.ma.ManaAndArtifice/]: Received new training data for mana-and-artifice:manaweave_patterns/hourglass
[12Feb2026 00:32:19.347] [Worker-Main-3/INFO] [com.ma.ManaAndArtifice/]: Received new training data for mana-and-artifice:manaweave_patterns/inverted_triangle
[12Feb2026 00:32:19.457] [Worker-Main-3/INFO] [com.ma.ManaAndArtifice/]: Received new training data for mana-and-artifice:manaweave_patterns/square
[12Feb2026 00:32:19.479] [Worker-Main-3/WARN] [com.ma.ManaAndArtifice/]: Recipe mana-and-artifice:multiblock/wellspring_capture does not define a tier, defaulting to 1.
[12Feb2026 00:32:19.493] [Worker-Main-3/INFO] [com.ma.ManaAndArtifice/]: Received new training data for mana-and-artifice:manaweave_patterns/knot3
[12Feb2026 00:32:19.493] [Worker-Main-3/INFO] [com.ma.ManaAndArtifice/]: Received new training data for mana-and-artifice:manaweave_patterns/knot4
[12Feb2026 00:32:19.493] [Worker-Main-3/INFO] [com.ma.ManaAndArtifice/]: Received new training data for mana-and-artifice:manaweave_patterns/knot2
[12Feb2026 00:32:19.506] [Worker-Main-3/WARN] [com.ma.ManaAndArtifice/]: Recipe mana-and-artifice:multiblock/test_multiblock does not define a tier, defaulting to 1.
[12Feb2026 00:32:19.570] [Worker-Main-3/INFO] [com.ma.ManaAndArtifice/]: Received new training data for mana-and-artifice:manaweave_patterns/diamond
[12Feb2026 00:32:19.584] [Worker-Main-3/INFO] [com.ma.ManaAndArtifice/]: Received new training data for mana-and-artifice:manaweave_patterns/triangle
[12Feb2026 00:32:19.638] [Worker-Main-3/INFO] [KubeJS Server/]: Modified & removed recipes in 896.7 ms
[12Feb2026 00:32:19.999] [Worker-Main-3/INFO] [KubeJS Server/]: Added recipes in 360.4 ms
[12Feb2026 00:32:19.999] [Worker-Main-3/INFO] [KubeJS Server/]: Added 1835 recipes, removed 1464 recipes, modified 7906 recipes, with 0 failed recipes and 0 fall-backed recipes
[12Feb2026 00:32:19.999] [Worker-Main-3/INFO] [ModernFix/]: Clearing KubeJS recipe lists...
[12Feb2026 00:32:20.058] [Worker-Main-3/INFO] [com.minecraftabnormals.abnormals_core.core.AbnormalsCore/]: Advancement Modification Manager has loaded 8 sets of modifiers
[12Feb2026 00:32:20.267] [Worker-Main-3/INFO] [Silent Gear/]: Injecting loot table 'silentgear:inject/chests/bastion_bridge' into 'minecraft:chests/bastion_bridge'
[12Feb2026 00:32:20.512] [Worker-Main-3/INFO] [Silent Gear/]: Injecting loot table 'silentgear:inject/chests/bastion_other' into 'minecraft:chests/bastion_other'
[12Feb2026 00:32:20.807] [Worker-Main-3/INFO] [Silent Gear/]: Injecting loot table 'silentgear:inject/chests/bastion_treasure' into 'minecraft:chests/bastion_treasure'
[12Feb2026 00:32:20.859] [Worker-Main-3/INFO] [Silent Gear/]: Injecting loot table 'silentgear:inject/entities/spider' into 'minecraft:entities/spider'
[12Feb2026 00:32:21.529] [Worker-Main-3/INFO] [Silent Gear/]: Injecting loot table 'silentgear:inject/chests/ruined_portal' into 'minecraft:chests/ruined_portal'
[12Feb2026 00:32:21.738] [Worker-Main-3/INFO] [Silent Gear/]: Injecting loot table 'silentgear:inject/entities/cave_spider' into 'minecraft:entities/cave_spider'
[12Feb2026 00:32:21.859] [Worker-Main-3/INFO] [placebo/]: Registered 24 additional loot tables.
[12Feb2026 00:32:21.860] [Worker-Main-3/INFO] [KubeJS Server/]: [functions] Found 0 tags, added 0 objects, removed 0 objects
[12Feb2026 00:32:21.861] [Worker-Main-3/INFO] [KubeJS Server/]: [functions] Found 0 tags, added 0 objects, removed 0 objects
[12Feb2026 00:32:22.227] [Worker-Main-3/INFO] [net.minecraft.advancements.AdvancementList/]: Loaded 1569 advancements
[12Feb2026 00:32:22.227] [Worker-Main-3/INFO] [net.permutated.norecipeadvancements.NoRecipeAdvancements/]: Skipped loading 11248 recipe advancements.
[12Feb2026 00:32:22.249] [Worker-Main-3/INFO] [placebo/]: Registered 40 additional recipes.
[12Feb2026 00:32:22.275] [Worker-Main-3/INFO] [HammerLib/]: Reloading HammerLib recipes...
[12Feb2026 00:32:22.275] [Worker-Main-3/INFO] [HammerLib/]: HammerLib injected 25 recipes into recipe map.
[12Feb2026 00:32:22.276] [Worker-Main-3/INFO] [HammerLib/]: Reloading 1 custom registries.
[12Feb2026 00:32:22.277] [Worker-Main-3/INFO] [HammerLib/]: 1 custom registries reloaded, added 0 total recipes.
[12Feb2026 00:32:22.278] [Worker-Main-3/INFO] [HammerLib/]: Registered 25 additional recipes.
[12Feb2026 00:32:22.278] [Worker-Main-3/INFO] [com.resourcefulbees.resourcefulbees.ResourcefulBees/]: Loading comb recipes for 85 bees...
[12Feb2026 00:32:22.296] [Worker-Main-3/INFO] [com.resourcefulbees.resourcefulbees.utils.validation.SecondPhaseValidator/]: Validating Honey Effects...
[12Feb2026 00:32:22.297] [Worker-Main-3/INFO] [com.resourcefulbees.resourcefulbees.utils.validation.SecondPhaseValidator/]: Validating Honey Effects...
[12Feb2026 00:32:22.300] [Worker-Main-3/INFO] [Apotheosis : Deadly/]: Loaded 28 affix loot entries from resources.
[12Feb2026 00:32:22.303] [Worker-Main-3/INFO] [Apotheosis : Deadly/]: Registered 6 boss gear sets.
[12Feb2026 00:32:22.308] [Worker-Main-3/INFO] [Apotheosis : Deadly/]: Loaded 6 boss items from resources.
[12Feb2026 00:32:22.312] [Worker-Main-3/INFO] [Apotheosis : Deadly/]: Loaded 8 spawner items from resources.
[12Feb2026 00:32:22.593] [Worker-Main-3/INFO] [Silent Gear/TraitManager]: Reloading trait files
[12Feb2026 00:32:22.609] [Worker-Main-3/INFO] [Silent Gear/TraitManager]: Registered 74 traits
[12Feb2026 00:32:22.815] [Worker-Main-3/INFO] [Silent Gear/PartManager]: Reloading part files
[12Feb2026 00:32:22.824] [Worker-Main-3/INFO] [Silent Gear/PartManager]: Registered part serializer 'silentgear:compound_part'
[12Feb2026 00:32:22.824] [Worker-Main-3/INFO] [Silent Gear/PartManager]: Registered part serializer 'silentgear:misc_upgrade'
[12Feb2026 00:32:22.840] [Worker-Main-3/INFO] [Silent Gear/PartManager]: Registered 45 parts
[12Feb2026 00:32:22.953] [Worker-Main-3/INFO] [Silent Gear/MaterialManager]: Reloading material files
[12Feb2026 00:32:22.960] [Worker-Main-3/INFO] [Silent Gear/MaterialManager]: Registered material serializer 'silentgear:standard'
[12Feb2026 00:32:22.961] [Worker-Main-3/INFO] [Silent Gear/MaterialManager]: Registered material serializer 'silentgear:compound'
[12Feb2026 00:32:22.962] [Worker-Main-3/INFO] [Silent Gear/MaterialManager]: Registered material serializer 'silentgear:custom_compound'
[12Feb2026 00:32:22.963] [Worker-Main-3/INFO] [Silent Gear/MaterialManager]: Registered material serializer 'silentgear:crafted'
[12Feb2026 00:32:22.997] [Worker-Main-3/INFO] [Silent Gear/]: Skipped loading 7 material(s), as their conditions were not met. This is usually NOT an error!
[12Feb2026 00:32:22.998] [Worker-Main-3/INFO] [Silent Gear/]: Skipped materials: silentgear:aluminum_steel, silentgear:bismuth, silentgear:bismuth_brass, silentgear:bismuth_steel, silentgear:redstone_alloy, silentgear:refined_iron, silentgear:titanium
[12Feb2026 00:32:23.108] [Worker-Main-3/INFO] [immersivepetroleum/]: Loading Distillation Recipes.
[12Feb2026 00:32:23.115] [Worker-Main-3/INFO] [immersivepetroleum/]: Loading Reservoirs.
[12Feb2026 00:32:23.120] [Worker-Main-3/INFO] [immersivepetroleum/]: Loading Coker-Unit Recipes.
[12Feb2026 00:32:23.123] [Worker-Main-3/INFO] [immersivepetroleum/]: Loading Sulfur Recovery Recipes.
[12Feb2026 00:32:23.140] [Worker-Main-3/INFO] [com.dannyandson.tinyredstone.TinyRedstone/]: Beginning loading of data for data loader: tiny_block_overrides
[12Feb2026 00:32:23.143] [Worker-Main-3/INFO] [com.dannyandson.tinyredstone.TinyRedstone/]: Data loader for tiny_block_overrides loaded 1 jsons
[12Feb2026 00:32:23.278] [Worker-Main-3/INFO] [Astral Sorcery/]: Built PerkTree with 417 perks!
[12Feb2026 00:32:23.295] [Worker-Main-3/INFO] [ipsis.woot.setup.ModSetup/]: ExoticDrops rolls:1 chance:15.0 weights:[4, 4, 2, 1, 1]
[12Feb2026 00:32:24.218] [Worker-Main-3/INFO] [dpanvil/]: Loaded 16 elementalcraft:shrine_upgrades
[12Feb2026 00:32:24.220] [Worker-Main-3/INFO] [dpanvil/]: Loaded 37 elementalcraft:tool_infusions
[12Feb2026 00:32:24.221] [Worker-Main-3/INFO] [dpanvil/]: Loaded 10 elementalcraft:runes
[12Feb2026 00:32:24.223] [Worker-Main-3/INFO] [dpanvil/]: Loaded 16 elementalcraft:spell_properties
[12Feb2026 00:32:24.326] [Worker-Main-2/INFO] [KubeJS Server/]: [il_tags/elementalcraft_runes] Found 3 tags, added 0 objects, removed 0 objects
[12Feb2026 00:32:24.326] [Worker-Main-2/INFO] [KubeJS Server/]: [il_tags/elementalcraft_runes] Found 3 tags, added 0 objects, removed 0 objects
[12Feb2026 00:32:24.328] [Worker-Main-2/INFO] [dpanvil/]: Loaded 1 DataPack Anvil TagCollection
[12Feb2026 00:32:24.329] [Worker-Main-2/INFO] [Dungeon Crawl/]: Loading data...
[12Feb2026 00:32:25.591] [Worker-Main-2/INFO] [Dungeon Crawl/]: Done.
[12Feb2026 00:32:26.756] [Worker-Main-2/INFO] [immersiveengineering/]: Couldn't fully analyze 1 compressed_iron_helmet, missing knowledge for {1 leather_helmet=1.0}
[12Feb2026 00:32:26.756] [Worker-Main-2/INFO] [immersiveengineering/]: Couldn't fully analyze 1 platinum_jetpack, missing knowledge for {1 electrum_jetpack=1.0}
[12Feb2026 00:32:26.757] [Worker-Main-2/INFO] [immersiveengineering/]: Couldn't fully analyze 1 creative_jetpack, missing knowledge for {1 unobtainium_jetpack=1.0}
[12Feb2026 00:32:26.757] [Worker-Main-2/INFO] [immersiveengineering/]: Couldn't fully analyze 1 compressed_iron_chestplate, missing knowledge for {1 leather_chestplate=1.0}
[12Feb2026 00:32:26.757] [Worker-Main-2/INFO] [immersiveengineering/]: Couldn't fully analyze 1 mattock_nether, missing knowledge for {1 mattock=1.0}
[12Feb2026 00:32:26.757] [Worker-Main-2/INFO] [immersiveengineering/]: Couldn't fully analyze 1 pneumatic_leggings, missing knowledge for {1 compressed_iron_leggings=1.0}
[12Feb2026 00:32:26.757] [Worker-Main-2/INFO] [immersiveengineering/]: Couldn't fully analyze 1 compressed_iron_boots, missing knowledge for {1 leather_boots=1.0}
[12Feb2026 00:32:26.757] [Worker-Main-2/INFO] [immersiveengineering/]: Couldn't fully analyze 1 compressed_iron_leggings, missing knowledge for {1 leather_leggings=1.0}
[12Feb2026 00:32:26.757] [Worker-Main-2/INFO] [immersiveengineering/]: Finished recipe profiler for Arc Recycling, took 960 milliseconds
[12Feb2026 00:32:26.757] [Worker-Main-2/INFO] [minecolonies/]: Beginning load of custom recipes for colony workers
[12Feb2026 00:32:26.775] [Worker-Main-2/INFO] [minecolonies/]: Loaded 471 recipes for 16 crafters
[12Feb2026 00:32:26.776] [Worker-Main-2/INFO] [minecolonies/]: Beginning load of research for University.
[12Feb2026 00:32:26.787] [Worker-Main-2/INFO] [minecolonies/]: Loaded 190 recipes for 4 research branches
[12Feb2026 00:32:26.906] [Worker-Main-2/INFO] [com.stal111.forbidden_arcanus.gui.forbiddenmicon.ForbiddenmiconPageLoadListener/]: Loaded 18 recipes
[12Feb2026 00:32:26.915] [Worker-Main-2/INFO] [Apotheosis : Enchantment/]: Registered 18 enchanting_stats.
[12Feb2026 00:32:26.917] [Worker-Main-2/INFO] [Apotheosis : Village/]: Loaded 13 normal and 13 rare Wandering Trader trade options.
[12Feb2026 00:32:26.918] [Worker-Main-2/INFO] [Cucumber Library/]: Loaded cucumber-tags.json in 0 ms
[12Feb2026 00:32:26.923] [Worker-Main-2/INFO] [slimeknights.tconstruct.library.materials.definition.MaterialManager/]: Loaded 75 materials in 5.050604 ms
[12Feb2026 00:32:27.046] [Worker-Main-2/INFO] [slimeknights.tconstruct.library.materials.stats.MaterialStatsManager/]: 155 stats loaded for 76 materials in 123.23703 ms
[12Feb2026 00:32:27.167] [Worker-Main-2/INFO] [slimeknights.tconstruct.library.materials.traits.MaterialTraitsManager/]: 65 traits loaded for 76 materials in 121.18545 ms
[12Feb2026 00:32:27.185] [Worker-Main-2/INFO] [slimeknights.tconstruct.library.tools.layout.StationSlotLayoutLoader/]: Loaded 15 station slot layouts in 15.373557 ms
[12Feb2026 00:32:27.367] [Worker-Main-2/INFO] [immersiveengineering/]: Recipes for potions: minecraft:healing, eidolon:long_chilled, minecraft:long_weakness, potionsmaster:unobtainium_sight, ars_nouveau:mana_regen_potion_strong, cyclic:haste, upgrade_aquatic:insomnia, resourcefulbees:long_calming, potionsmaster:zinc_sight, apotheosis:strong_sundering, minecraft:harming, potionsmaster:aluminium_sight, minecraft:slowness, apotheosis:long_fatigue, minecraft:strength, minecraft:long_poison, cyclic:stun, cyclic:resistance, minecraft:night_vision, minecraft:turtle_master, minecraft:poison, apotheosis:strong_haste, minecraft:long_slowness, potionsmaster:copper_sight, potionsmaster:lapis_sight, minecraft:long_swiftness, apotheosis:long_haste, apotheosis:sundering, potionsmaster:allthemodium_sight, minecraft:long_night_vision, cyclic:levitation, quark:resilience, apotheosis:wither, upgrade_aquatic:repellence_long, potionsmaster:platinum_sight, potionsmaster:bismuth_sight, minecraft:invisibility, minecraft:leaping, potionsmaster:silver_sight, minecraft:swiftness, apotheosis:fatigue, potionsmaster:redstone_sight, upgrade_aquatic:vibing, minecraft:long_regeneration, minecraft:mundane, potionsmaster:emerald_sight, apotheosis:strong_resistance, cyclic:strong_haste, ars_nouveau:spell_damage_strong, upgrade_aquatic:repellence, minecraft:thick, minecraft:weakness, potionsmaster:tin_sight, quark:strong_resilience, upgrade_aquatic:insomnia_strong, minecraft:water, apotheosis:long_sundering, ars_nouveau:spell_damage, minecraft:strong_strength, minecraft:luck, minecraft:long_leaping, upgrade_aquatic:repellence_strong, potionsmaster:nickel_sight, minecraft:long_water_breathing, cyclic:swimspeed, quark:long_resistance, resourcefulbees:calming, minecraft:long_invisibility, ars_nouveau:mana_regen_potion, potionsmaster:iron_sight, mana-and-artifice:mana_potion, minecraft:strong_slowness, apotheosis:strong_fatigue, upgrade_aquatic:vibing_strong, mana-and-artifice:minor_mana_potion, mana-and-artifice:superior_mana_potion, minecraft:strong_leaping, minecraft:strong_harming, apotheosis:long_knowledge, cyclic:blind, eidolon:long_anchored, minecraft:long_slow_falling, potionsmaster:netherite_sight, minecraft:strong_turtle_master, apotheosis:knowledge, apotheosis:resistance, minecraft:water_breathing, potionsmaster:lead_sight, minecraft:fire_resistance, apotheosis:absorption, quark:danger_sight, apotheosis:strong_absorption, potionsmaster:crimsoniron_sight, upgrade_aquatic:vibing_long, potionsmaster:uranium_sight, apotheosis:long_resistance, minecraft:strong_regeneration, minecraft:strong_healing, eidolon:chilled, mana-and-artifice:light_mana_potion, minecraft:slow_falling, potionsmaster:diamond_sight, quark:resistance, potionsmaster:gold_sight, potionsmaster:quartz_sight, minecraft:awkward, minecraft:strong_swiftness, apotheosis:long_wither, quark:long_danger_sight, upgrade_aquatic:restfulness, mana-and-artifice:greater_mana_potion, minecraft:long_strength, minecraft:regeneration, cyclic:wither, potionsmaster:vibranium_sight, minecraft:long_fire_resistance, apotheosis:long_absorption, apotheosis:strong_knowledge, eidolon:anchored, ars_nouveau:mana_regen_potion_long, upgrade_aquatic:restfulness_strong, cyclic:hunger, apotheosis:strong_wither, potionsmaster:coal_sight, potionsmaster:osmium_sight, quark:strong_resistance, minecraft:long_turtle_master, quark:long_resilience, minecraft:strong_poison, ars_nouveau:spell_damage_long, apotheosis:haste
[12Feb2026 00:32:27.397] [Worker-Main-2/INFO] [fastsuite/]: Successfully processed 38854 recipes into the AuxRecipeManager.
[12Feb2026 00:32:27.611] [main/INFO] [TerraForged/]: Tags Reloaded
[12Feb2026 00:32:28.749] [main/INFO] [net.roguelogix.biggerreactors.BiggerReactors/]: Loading reactor moderators
[12Feb2026 00:32:28.853] [main/INFO] [net.roguelogix.biggerreactors.BiggerReactors/]: Loaded 52 moderator data entries
[12Feb2026 00:32:28.854] [main/INFO] [net.roguelogix.biggerreactors.BiggerReactors/]: Loaded 78 moderator entries
[12Feb2026 00:32:28.856] [main/INFO] [net.roguelogix.biggerreactors.BiggerReactors/]: Loading turbine coils
[12Feb2026 00:32:28.963] [main/INFO] [net.roguelogix.biggerreactors.BiggerReactors/]: Loaded 15 coil data entries
[12Feb2026 00:32:28.964] [main/INFO] [net.roguelogix.biggerreactors.BiggerReactors/]: Loaded 30 coil entries
[12Feb2026 00:32:28.966] [main/INFO] [net.roguelogix.biggerreactors.BiggerReactors/]: Loading fluid transitions
[12Feb2026 00:32:29.067] [main/INFO] [net.roguelogix.biggerreactors.BiggerReactors/]: Loaded 6 transitions data entries
[12Feb2026 00:32:29.068] [main/INFO] [net.roguelogix.biggerreactors.BiggerReactors/]: Loaded 6 liquid transition entries
[12Feb2026 00:32:29.068] [main/INFO] [net.roguelogix.biggerreactors.BiggerReactors/]: Loaded 8 gas transition entries
[12Feb2026 00:32:29.069] [main/INFO] [TerraForged/]: Tags Reloaded
[12Feb2026 00:32:30.992] [main/INFO] [TerraForged/]: Loading vanilla base decorator
[12Feb2026 00:32:32.425] [Server thread/INFO] [net.minecraft.server.dedicated.DedicatedServer/]: Starting minecraft server version 1.16.5
[12Feb2026 00:32:32.426] [Server thread/INFO] [net.minecraft.server.dedicated.DedicatedServer/]: Loading properties
[12Feb2026 00:32:32.427] [Server thread/INFO] [net.minecraft.server.dedicated.DedicatedServer/]: Default game type: SURVIVAL
[12Feb2026 00:32:32.427] [Server thread/INFO] [net.minecraft.server.MinecraftServer/]: Generating keypair
[12Feb2026 00:32:32.505] [Server thread/INFO] [net.minecraft.server.dedicated.DedicatedServer/]: Starting Minecraft server on *:25565
[12Feb2026 00:32:32.541] [Server thread/INFO] [net.minecraft.network.NetworkSystem/]: Using epoll channel type
[12Feb2026 00:32:32.626] [Server thread/WARN] [net.minecraft.server.dedicated.DedicatedServer/]: **** SERVER IS RUNNING IN OFFLINE/INSECURE MODE!
[12Feb2026 00:32:32.626] [Server thread/WARN] [net.minecraft.server.dedicated.DedicatedServer/]: The server will make no attempt to authenticate usernames. Beware.
[12Feb2026 00:32:32.627] [Server thread/WARN] [net.minecraft.server.dedicated.DedicatedServer/]: While this makes the game possible to play without internet access, it also opens up the ability for hackers to connect with any username they choose.
[12Feb2026 00:32:32.627] [Server thread/WARN] [net.minecraft.server.dedicated.DedicatedServer/]: To change this, set "online-mode" to "true" in the server.properties file.
[12Feb2026 00:32:32.681] [Server thread/INFO] [wile.engineerstools.ModEngineersTools/]: Loading config file engineerstools-server.toml
[12Feb2026 00:32:32.682] [Server thread/INFO] [wile.engineerstools.ModEngineersTools/]: REDIA tool config: torch-placing, hoeing, tree-felling, safe-attack, durability:3000, initial-durability:100
[12Feb2026 00:32:32.682] [Server thread/INFO] [wile.engineerstools.ModEngineersTools/]: REDIA tool efficiency curve: [0,1,1,2,2,3,3,3,3,4]
[12Feb2026 00:32:32.682] [Server thread/INFO] [wile.engineerstools.ModEngineersTools/]: REDIA tool fortune curve: [0,0,0,0,1,1,1,1,2,3]
[12Feb2026 00:32:32.683] [Server thread/INFO] [wile.engineerstools.ModEngineersTools/]: Stimpack config: uses:2, trigger:3.0 hearts, inst-heal:3.0 hearts.
[12Feb2026 00:32:32.683] [Server thread/INFO] [wile.engineerstools.ModEngineersTools/]: Diving Capsule config: uses:10(dmg 10), trigger:3 bubbles, push:7 bubbles.
[12Feb2026 00:32:32.683] [Server thread/INFO] [wile.engineerstools.ModEngineersTools/]: Musli Bar: hunger:6, saturation:1.2
[12Feb2026 00:32:32.683] [Server thread/INFO] [wile.engineerstools.ModEngineersTools/]: Musli Press: storage:768hunger/512seeds, bar:8hunger/1seeds
[12Feb2026 00:32:32.686] [Server thread/INFO] [immersivepetroleum/FuelHandler/]: Added immersivepetroleum:gasoline as Portable Generator Fuel. (256RF/t 5mB/t)
[12Feb2026 00:32:32.686] [Server thread/INFO] [immersivepetroleum/FuelHandler/]: Added immersivepetroleum:gasoline as Motorboat Fuel. (1 mB/t)
[12Feb2026 00:32:32.750] [Server thread/INFO] [FluxNetworks/]: SERVER CONFIG LOADED
[12Feb2026 00:32:32.790] [Server thread/INFO] [ModernFix/]: Starting locating executor service with thread pool size of 1
[12Feb2026 00:32:33.011] [Server thread/WARN] [Phosphophyllite/MekanismIntegration/]: Duplicate gas entry for gas superheated_sodium
[12Feb2026 00:32:33.012] [Server thread/WARN] [Phosphophyllite/MekanismIntegration/]: Duplicate fluid entry for fluid mekanism:superheated_sodium
[12Feb2026 00:32:33.012] [Server thread/WARN] [Phosphophyllite/MekanismIntegration/]: Duplicate fluid entry for fluid mekanism:flowing_superheated_sodium
[12Feb2026 00:32:33.012] [Server thread/WARN] [Phosphophyllite/MekanismIntegration/]: Duplicate fluid entry for fluid biggerreactors:superheated_sodium
[12Feb2026 00:32:33.021] [Server thread/INFO] [net.minecraftforge.coremod.CoreMod.apotheosis/COREMODLOG]: Patching net/minecraft/entity/merchant/villager/VillagerTrades$EnchantedBookForEmeraldsTrade
[12Feb2026 00:32:33.037] [Server thread/INFO] [STDOUT/]: [com.ma.villagers.VillagerRegistry$VillagerTradesHandler:registerTrades:229]: Registered Wandering Trader Trades
[12Feb2026 00:32:33.056] [Server thread/INFO] [STDOUT/]: [com.ma.villagers.VillagerRegistry$VillagerTradesHandler:registerTrades:159]: Registered Trades
[12Feb2026 00:32:33.060] [Server thread/INFO] [net.minecraft.server.dedicated.DedicatedServer/]: Preparing level "world"
[12Feb2026 00:32:33.161] [Server thread/WARN] [mixin/]: Method overwrite conflict for removeIf in roadrunner.mixins.json:world.chunk_tickets.SortedArraySetMixin, previously written by org.embeddedt.modernfix.common.mixin.bugfix.paper_chunk_patches.SortedArraySetMixin. Skipping method.
[12Feb2026 00:32:33.221] [Worker-Main-2/INFO] [TerraForged/]: Block enviromats:granodiorite is in tag forge:wg_stone but not tag minecraft:base_stone_overworld. It has been excluded from TerraForged's rock layer generation!
[12Feb2026 00:32:33.221] [Worker-Main-2/INFO] [TerraForged/]: Block enviromats:alabaster_white is in tag forge:wg_stone but not tag minecraft:base_stone_overworld. It has been excluded from TerraForged's rock layer generation!
[12Feb2026 00:32:33.222] [Worker-Main-2/INFO] [TerraForged/]: Block enviromats:basalt is in tag forge:wg_stone but not tag minecraft:base_stone_overworld. It has been excluded from TerraForged's rock layer generation!
[12Feb2026 00:32:33.222] [Worker-Main-2/INFO] [TerraForged/]: Block enviromats:hardened_stone is in tag forge:wg_stone but not tag minecraft:base_stone_overworld. It has been excluded from TerraForged's rock layer generation!
[12Feb2026 00:32:33.222] [Worker-Main-2/INFO] [TerraForged/]: Block enviromats:marble is in tag forge:wg_stone but not tag minecraft:base_stone_overworld. It has been excluded from TerraForged's rock layer generation!
[12Feb2026 00:32:33.222] [Worker-Main-2/INFO] [TerraForged/]: Block enviromats:travertine is in tag forge:wg_stone but not tag minecraft:base_stone_overworld. It has been excluded from TerraForged's rock layer generation!
[12Feb2026 00:32:33.231] [Worker-Main-2/INFO] [TerraForged/]:  - Erosion decorator enabled
[12Feb2026 00:32:33.232] [Worker-Main-2/INFO] [TerraForged/]:  - Natural snow decorator enabled
[12Feb2026 00:32:33.259] [Worker-Main-2/INFO] [TerraForged/]:  - Smooth layer decorator enabled
[12Feb2026 00:32:33.277] [Worker-Main-2/WARN] [net.minecraft.resources.ResourcePackInfo/]: Couldn't get pack info for: net.minecraft.resources.ResourcePackFileNotFoundException: 'pack.mcmeta' in ResourcePack '/workspaces/Mundinho/servidor_minecraft/libraries/net/minecraftforge/forge/1.16.5-36.2.42/forge-1.16.5-36.2.42-server.jar'
[12Feb2026 00:32:34.876] [Worker-Main-2/INFO] [TerraForged/]:  - Vanilla lakes disabled
[12Feb2026 00:32:34.878] [Worker-Main-2/INFO] [TerraForged/]:  - Vanilla lava lakes enabled
[12Feb2026 00:32:34.879] [Worker-Main-2/INFO] [TerraForged/]:  - Vanilla water springs enabled
[12Feb2026 00:32:34.879] [Worker-Main-2/INFO] [TerraForged/]:  - Vanilla lava springs enabled
[12Feb2026 00:32:34.879] [Worker-Main-2/INFO] [TerraForged/]:  - Custom features enabled
[12Feb2026 00:32:35.103] [Worker-Main-2/ERROR] [FeatureManager/Codecs]: Unknown registry element com.brandon3055.draconicevolution.world.DEWorldGen$1@7e9213a1
[12Feb2026 00:32:35.516] [Worker-Main-2/ERROR] [FeatureManager/Codecs]: Unknown registry element com.brandon3055.draconicevolution.world.DEWorldGen$1@7e9213a1
[12Feb2026 00:32:35.518] [Worker-Main-2/ERROR] [FeatureManager/Codecs]: Unknown registry element com.brandon3055.draconicevolution.world.DEWorldGen$1@7e9213a1
[12Feb2026 00:32:35.520] [Worker-Main-2/ERROR] [FeatureManager/Codecs]: Unknown registry element com.brandon3055.draconicevolution.world.DEWorldGen$1@7e9213a1
[12Feb2026 00:32:35.522] [Worker-Main-2/ERROR] [FeatureManager/Codecs]: Unknown registry element com.brandon3055.draconicevolution.world.DEWorldGen$1@7e9213a1
[12Feb2026 00:32:36.391] [Worker-Main-2/ERROR] [FeatureManager/Codecs]: Unknown registry element com.brandon3055.draconicevolution.world.DEWorldGen$1@7e9213a1
[12Feb2026 00:32:36.437] [Worker-Main-2/ERROR] [FeatureManager/Codecs]: Unknown registry element com.brandon3055.draconicevolution.world.DEWorldGen$1@7e9213a1
[12Feb2026 00:32:36.439] [Worker-Main-2/ERROR] [FeatureManager/Codecs]: Unknown registry element com.brandon3055.draconicevolution.world.DEWorldGen$1@7e9213a1
[12Feb2026 00:32:36.440] [Worker-Main-2/ERROR] [FeatureManager/Codecs]: Unknown registry element com.brandon3055.draconicevolution.world.DEWorldGen$1@7e9213a1
[12Feb2026 00:32:36.442] [Worker-Main-2/ERROR] [FeatureManager/Codecs]: Unknown registry element com.brandon3055.draconicevolution.world.DEWorldGen$1@7e9213a1
[12Feb2026 00:32:36.443] [Worker-Main-2/ERROR] [FeatureManager/Codecs]: Unknown registry element com.brandon3055.draconicevolution.world.DEWorldGen$1@7e9213a1
[12Feb2026 00:32:36.445] [Worker-Main-2/ERROR] [FeatureManager/Codecs]: Unknown registry element com.brandon3055.draconicevolution.world.DEWorldGen$1@7e9213a1
[12Feb2026 00:32:36.446] [Worker-Main-2/ERROR] [FeatureManager/Codecs]: Unknown registry element com.brandon3055.draconicevolution.world.DEWorldGen$1@7e9213a1
[12Feb2026 00:32:36.447] [Worker-Main-2/ERROR] [FeatureManager/Codecs]: Unknown registry element com.brandon3055.draconicevolution.world.DEWorldGen$1@7e9213a1
[12Feb2026 00:32:36.452] [Worker-Main-2/ERROR] [FeatureManager/Codecs]: Unknown registry element com.brandon3055.draconicevolution.world.DEWorldGen$1@7e9213a1
[12Feb2026 00:32:36.453] [Worker-Main-2/ERROR] [FeatureManager/Codecs]: Unknown registry element com.brandon3055.draconicevolution.world.DEWorldGen$1@7e9213a1
[12Feb2026 00:32:36.454] [Worker-Main-2/ERROR] [FeatureManager/Codecs]: Unknown registry element com.brandon3055.draconicevolution.world.DEWorldGen$1@7e9213a1
[12Feb2026 00:32:36.456] [Worker-Main-2/ERROR] [FeatureManager/Codecs]: Unknown registry element com.brandon3055.draconicevolution.world.DEWorldGen$1@7e9213a1
[12Feb2026 00:32:36.457] [Worker-Main-2/ERROR] [FeatureManager/Codecs]: Unknown registry element com.brandon3055.draconicevolution.world.DEWorldGen$1@7e9213a1
[12Feb2026 00:32:36.458] [Worker-Main-2/ERROR] [FeatureManager/Codecs]: Unknown registry element com.brandon3055.draconicevolution.world.DEWorldGen$1@7e9213a1
[12Feb2026 00:32:36.460] [Worker-Main-2/ERROR] [FeatureManager/Codecs]: Unknown registry element com.brandon3055.draconicevolution.world.DEWorldGen$1@7e9213a1
[12Feb2026 00:32:36.661] [Worker-Main-2/INFO] [TerraForged/]: Create Tile Cache...
[12Feb2026 00:32:36.662] [Worker-Main-2/INFO] [TerraForged/]: System Defaults:
[12Feb2026 00:32:36.662] [Worker-Main-2/INFO] [TerraForged/]:  Thread Count:  4
[12Feb2026 00:32:36.663] [Worker-Main-2/INFO] [TerraForged/]:  Tile Size:     3
[12Feb2026 00:32:36.663] [Worker-Main-2/INFO] [TerraForged/]:  Batch Size:    5
[12Feb2026 00:32:37.635] [Worker-Main-4/INFO] [TerraForged/]: Block enviromats:granodiorite is in tag forge:wg_stone but not tag minecraft:base_stone_overworld. It has been excluded from TerraForged's rock layer generation!
[12Feb2026 00:32:37.635] [Worker-Main-4/INFO] [TerraForged/]: Block enviromats:alabaster_white is in tag forge:wg_stone but not tag minecraft:base_stone_overworld. It has been excluded from TerraForged's rock layer generation!
[12Feb2026 00:32:37.636] [Worker-Main-4/INFO] [TerraForged/]: Block enviromats:basalt is in tag forge:wg_stone but not tag minecraft:base_stone_overworld. It has been excluded from TerraForged's rock layer generation!
[12Feb2026 00:32:37.636] [Worker-Main-4/INFO] [TerraForged/]: Block enviromats:hardened_stone is in tag forge:wg_stone but not tag minecraft:base_stone_overworld. It has been excluded from TerraForged's rock layer generation!
[12Feb2026 00:32:37.636] [Worker-Main-4/INFO] [TerraForged/]: Block enviromats:marble is in tag forge:wg_stone but not tag minecraft:base_stone_overworld. It has been excluded from TerraForged's rock layer generation!
[12Feb2026 00:32:37.637] [Worker-Main-4/INFO] [TerraForged/]: Block enviromats:travertine is in tag forge:wg_stone but not tag minecraft:base_stone_overworld. It has been excluded from TerraForged's rock layer generation!
[12Feb2026 00:32:41.469] [Server thread/INFO] [TerraForged/]: Searching for world spawn position
[12Feb2026 00:32:41.470] [Server thread/INFO] [TerraForged/]: Found valid spawn position: Mutable{x=480, y=104, z=3518}
[12Feb2026 00:32:41.471] [Server thread/INFO] [TerraForged/]: Setting world spawn: BlockPos{x=480, y=105, z=3518}
[12Feb2026 00:32:41.553] [Server thread/WARN] [yungsapi/]: WARNING: block Block{minecraft:lapis_ore} added to BlockSelector exceeds max probabiltiy of 1!
[12Feb2026 00:32:41.592] [Server thread/WARN] [yungsapi/]: WARNING: block Block{minecraft:lapis_ore} added to BlockSelector exceeds max probabiltiy of 1!
[12Feb2026 00:32:41.622] [Server thread/WARN] [yungsapi/]: WARNING: block Block{minecraft:lapis_ore} added to BlockSelector exceeds max probabiltiy of 1!
[12Feb2026 00:32:41.629] [Server thread/WARN] [yungsapi/]: WARNING: block Block{minecraft:lapis_ore} added to BlockSelector exceeds max probabiltiy of 1!
[12Feb2026 00:32:41.636] [Server thread/WARN] [yungsapi/]: WARNING: block Block{minecraft:lapis_ore} added to BlockSelector exceeds max probabiltiy of 1!
[12Feb2026 00:32:41.642] [Server thread/WARN] [yungsapi/]: WARNING: block Block{minecraft:lapis_ore} added to BlockSelector exceeds max probabiltiy of 1!
[12Feb2026 00:32:41.648] [Server thread/WARN] [yungsapi/]: WARNING: block Block{minecraft:lapis_ore} added to BlockSelector exceeds max probabiltiy of 1!
[12Feb2026 00:32:41.654] [Server thread/WARN] [yungsapi/]: WARNING: block Block{minecraft:lapis_ore} added to BlockSelector exceeds max probabiltiy of 1!
[12Feb2026 00:32:41.660] [Server thread/WARN] [yungsapi/]: WARNING: block Block{minecraft:lapis_ore} added to BlockSelector exceeds max probabiltiy of 1!
[12Feb2026 00:32:41.667] [Server thread/WARN] [yungsapi/]: WARNING: block Block{minecraft:lapis_ore} added to BlockSelector exceeds max probabiltiy of 1!
[12Feb2026 00:32:41.673] [Server thread/WARN] [yungsapi/]: WARNING: block Block{minecraft:lapis_ore} added to BlockSelector exceeds max probabiltiy of 1!
[12Feb2026 00:32:41.681] [Server thread/WARN] [yungsapi/]: WARNING: block Block{minecraft:lapis_ore} added to BlockSelector exceeds max probabiltiy of 1!
[12Feb2026 00:32:41.687] [Server thread/WARN] [yungsapi/]: WARNING: block Block{minecraft:lapis_ore} added to BlockSelector exceeds max probabiltiy of 1!
[12Feb2026 00:32:41.692] [Server thread/WARN] [yungsapi/]: WARNING: block Block{minecraft:lapis_ore} added to BlockSelector exceeds max probabiltiy of 1!
[12Feb2026 00:32:41.698] [Server thread/INFO] [net.minecraft.server.MinecraftServer/]: Preparing start region for dimension minecraft:overworld
[12Feb2026 00:32:41.744] [Worker-Main-4/INFO] [net.minecraft.world.chunk.listener.LoggingChunkStatusListener/]: Preparing spawn area: 1%
[12Feb2026 00:32:42.462] [Worker-Main-2/INFO] [net.minecraft.world.chunk.listener.LoggingChunkStatusListener/]: Preparing spawn area: 1%
[12Feb2026 00:32:42.743] [Worker-Main-2/INFO] [net.minecraft.world.chunk.listener.LoggingChunkStatusListener/]: Preparing spawn area: 1%
[12Feb2026 00:32:43.199] [Worker-Main-2/INFO] [net.minecraft.world.chunk.listener.LoggingChunkStatusListener/]: Preparing spawn area: 1%
[12Feb2026 00:32:43.707] [Worker-Main-2/INFO] [net.minecraft.world.chunk.listener.LoggingChunkStatusListener/]: Preparing spawn area: 1%
[12Feb2026 00:32:44.204] [Worker-Main-4/INFO] [net.minecraft.world.chunk.listener.LoggingChunkStatusListener/]: Preparing spawn area: 1%
[12Feb2026 00:32:44.808] [Worker-Main-3/INFO] [net.minecraft.world.chunk.listener.LoggingChunkStatusListener/]: Preparing spawn area: 1%
[12Feb2026 00:32:45.227] [Worker-Main-3/INFO] [net.minecraft.world.chunk.listener.LoggingChunkStatusListener/]: Preparing spawn area: 1%
[12Feb2026 00:32:45.713] [Worker-Main-2/INFO] [net.minecraft.world.chunk.listener.LoggingChunkStatusListener/]: Preparing spawn area: 3%
[12Feb2026 00:32:46.216] [Worker-Main-3/INFO] [net.minecraft.world.chunk.listener.LoggingChunkStatusListener/]: Preparing spawn area: 3%
[12Feb2026 00:32:46.699] [Worker-Main-4/INFO] [net.minecraft.world.chunk.listener.LoggingChunkStatusListener/]: Preparing spawn area: 4%
[12Feb2026 00:32:47.201] [Worker-Main-2/INFO] [net.minecraft.world.chunk.listener.LoggingChunkStatusListener/]: Preparing spawn area: 5%
[12Feb2026 00:32:47.763] [Worker-Main-3/INFO] [net.minecraft.world.chunk.listener.LoggingChunkStatusListener/]: Preparing spawn area: 6%
[12Feb2026 00:32:48.212] [Worker-Main-4/INFO] [net.minecraft.world.chunk.listener.LoggingChunkStatusListener/]: Preparing spawn area: 7%
[12Feb2026 00:32:48.711] [Worker-Main-3/INFO] [net.minecraft.world.chunk.listener.LoggingChunkStatusListener/]: Preparing spawn area: 8%
[12Feb2026 00:32:49.252] [Worker-Main-4/INFO] [net.minecraft.world.chunk.listener.LoggingChunkStatusListener/]: Preparing spawn area: 11%
[12Feb2026 00:32:49.699] [Worker-Main-2/INFO] [net.minecraft.world.chunk.listener.LoggingChunkStatusListener/]: Preparing spawn area: 12%
[12Feb2026 00:32:50.216] [Worker-Main-3/INFO] [net.minecraft.world.chunk.listener.LoggingChunkStatusListener/]: Preparing spawn area: 14%
[12Feb2026 00:32:50.763] [Worker-Main-3/INFO] [net.minecraft.world.chunk.listener.LoggingChunkStatusListener/]: Preparing spawn area: 16%
[12Feb2026 00:32:51.244] [Worker-Main-2/INFO] [net.minecraft.world.chunk.listener.LoggingChunkStatusListener/]: Preparing spawn area: 18%
[12Feb2026 00:32:51.703] [Worker-Main-3/INFO] [net.minecraft.world.chunk.listener.LoggingChunkStatusListener/]: Preparing spawn area: 19%
[12Feb2026 00:32:52.278] [Worker-Main-4/INFO] [net.minecraft.world.chunk.listener.LoggingChunkStatusListener/]: Preparing spawn area: 20%
[12Feb2026 00:32:52.784] [Worker-Main-2/INFO] [net.minecraft.world.chunk.listener.LoggingChunkStatusListener/]: Preparing spawn area: 21%
[12Feb2026 00:32:53.199] [Worker-Main-2/INFO] [net.minecraft.world.chunk.listener.LoggingChunkStatusListener/]: Preparing spawn area: 22%
[12Feb2026 00:32:53.699] [Worker-Main-3/INFO] [net.minecraft.world.chunk.listener.LoggingChunkStatusListener/]: Preparing spawn area: 24%
[12Feb2026 00:32:54.200] [Worker-Main-4/INFO] [net.minecraft.world.chunk.listener.LoggingChunkStatusListener/]: Preparing spawn area: 25%
[12Feb2026 00:32:54.700] [Worker-Main-2/INFO] [net.minecraft.world.chunk.listener.LoggingChunkStatusListener/]: Preparing spawn area: 28%
[12Feb2026 00:32:55.223] [Worker-Main-3/INFO] [net.minecraft.world.chunk.listener.LoggingChunkStatusListener/]: Preparing spawn area: 31%
[12Feb2026 00:32:55.699] [Worker-Main-3/INFO] [net.minecraft.world.chunk.listener.LoggingChunkStatusListener/]: Preparing spawn area: 35%
[12Feb2026 00:32:56.199] [Worker-Main-3/INFO] [net.minecraft.world.chunk.listener.LoggingChunkStatusListener/]: Preparing spawn area: 36%
[12Feb2026 00:32:56.725] [Worker-Main-2/INFO] [net.minecraft.world.chunk.listener.LoggingChunkStatusListener/]: Preparing spawn area: 39%
[12Feb2026 00:32:57.215] [Worker-Main-4/INFO] [net.minecraft.world.chunk.listener.LoggingChunkStatusListener/]: Preparing spawn area: 40%
[12Feb2026 00:32:57.730] [Worker-Main-2/INFO] [net.minecraft.world.chunk.listener.LoggingChunkStatusListener/]: Preparing spawn area: 43%
[12Feb2026 00:32:58.201] [Worker-Main-4/INFO] [net.minecraft.world.chunk.listener.LoggingChunkStatusListener/]: Preparing spawn area: 46%
[12Feb2026 00:32:58.544] [Worker-Main-4/WARN] [ModernFix/]: The namespace repurposed_structures contains an outdated structure file, which can cause worldgen lag. Please view debug.log for the full filename, determine which mod provides the structure, and report to the mod/datapack author, including the debug log.
[12Feb2026 00:32:58.714] [Worker-Main-3/INFO] [net.minecraft.world.chunk.listener.LoggingChunkStatusListener/]: Preparing spawn area: 49%
[12Feb2026 00:32:59.200] [Worker-Main-3/INFO] [net.minecraft.world.chunk.listener.LoggingChunkStatusListener/]: Preparing spawn area: 53%
[12Feb2026 00:32:59.699] [Worker-Main-4/INFO] [net.minecraft.world.chunk.listener.LoggingChunkStatusListener/]: Preparing spawn area: 56%
[12Feb2026 00:33:00.210] [Worker-Main-2/INFO] [net.minecraft.world.chunk.listener.LoggingChunkStatusListener/]: Preparing spawn area: 59%
[12Feb2026 00:33:00.699] [Worker-Main-2/INFO] [net.minecraft.world.chunk.listener.LoggingChunkStatusListener/]: Preparing spawn area: 62%
[12Feb2026 00:33:01.205] [Worker-Main-2/INFO] [net.minecraft.world.chunk.listener.LoggingChunkStatusListener/]: Preparing spawn area: 66%
[12Feb2026 00:33:01.715] [Worker-Main-3/INFO] [net.minecraft.world.chunk.listener.LoggingChunkStatusListener/]: Preparing spawn area: 67%
[12Feb2026 00:33:02.202] [Worker-Main-2/INFO] [net.minecraft.world.chunk.listener.LoggingChunkStatusListener/]: Preparing spawn area: 69%
[12Feb2026 00:33:02.711] [Worker-Main-2/INFO] [net.minecraft.world.chunk.listener.LoggingChunkStatusListener/]: Preparing spawn area: 70%
[12Feb2026 00:33:03.204] [Worker-Main-2/INFO] [net.minecraft.world.chunk.listener.LoggingChunkStatusListener/]: Preparing spawn area: 73%
[12Feb2026 00:33:03.728] [Worker-Main-3/INFO] [net.minecraft.world.chunk.listener.LoggingChunkStatusListener/]: Preparing spawn area: 75%
[12Feb2026 00:33:04.203] [Worker-Main-4/INFO] [net.minecraft.world.chunk.listener.LoggingChunkStatusListener/]: Preparing spawn area: 75%
[12Feb2026 00:33:04.731] [Worker-Main-4/INFO] [net.minecraft.world.chunk.listener.LoggingChunkStatusListener/]: Preparing spawn area: 75%
[12Feb2026 00:33:05.202] [Worker-Main-2/INFO] [net.minecraft.world.chunk.listener.LoggingChunkStatusListener/]: Preparing spawn area: 75%
[12Feb2026 00:33:06.289] [Worker-Main-4/INFO] [net.minecraft.world.chunk.listener.LoggingChunkStatusListener/]: Preparing spawn area: 78%
[12Feb2026 00:33:06.290] [Worker-Main-3/INFO] [net.minecraft.world.chunk.listener.LoggingChunkStatusListener/]: Preparing spawn area: 78%
[12Feb2026 00:33:06.715] [Worker-Main-3/INFO] [net.minecraft.world.chunk.listener.LoggingChunkStatusListener/]: Preparing spawn area: 83%
[12Feb2026 00:33:07.199] [Worker-Main-4/INFO] [net.minecraft.world.chunk.listener.LoggingChunkStatusListener/]: Preparing spawn area: 86%
[12Feb2026 00:33:07.706] [Worker-Main-2/INFO] [net.minecraft.world.chunk.listener.LoggingChunkStatusListener/]: Preparing spawn area: 90%
[12Feb2026 00:33:08.199] [Worker-Main-2/INFO] [net.minecraft.world.chunk.listener.LoggingChunkStatusListener/]: Preparing spawn area: 94%
[12Feb2026 00:33:08.705] [Worker-Main-3/INFO] [net.minecraft.world.chunk.listener.LoggingChunkStatusListener/]: Preparing spawn area: 99%
[12Feb2026 00:33:08.870] [Server thread/INFO] [net.minecraft.world.chunk.listener.LoggingChunkStatusListener/]: Time elapsed: 27172 ms
[12Feb2026 00:33:08.870] [Server thread/INFO] [net.minecraft.server.dedicated.DedicatedServer/]: Done (36.229s)! For help, type "help"
[12Feb2026 00:33:09.580] [Server thread/INFO] [corail_woodcutter/]: 641 woodcutting recipes loaded
[12Feb2026 00:33:09.580] [Server thread/WARN] [com.denismasterherobrine.angelring.AngelRing/]: Tinkers' Construct is loaded! Slime Boots doesn't work with Angel Ring at the moment.
[12Feb2026 00:33:09.628] [Server thread/INFO] [com.haoict.tiab.Tiab/]: HELLO from server starting
[12Feb2026 00:33:09.664] [Server thread/INFO] [ipsis.woot.setup.ModSetup/]: onServerStarting
[12Feb2026 00:33:09.727] [Server thread/INFO] [ipsis.woot.setup.ModSetup/]: onServerStarting: force load Tartarus Cells
[12Feb2026 00:33:09.833] [Worker-Main-2/WARN] [ModernFix/]: The namespace mana-and-artifice contains an outdated structure file, which can cause worldgen lag. Please view debug.log for the full filename, determine which mod provides the structure, and report to the mod/datapack author, including the debug log.
[12Feb2026 00:33:09.888] [Worker-Main-2/WARN] [ModernFix/]: The namespace waystones contains an outdated structure file, which can cause worldgen lag. Please view debug.log for the full filename, determine which mod provides the structure, and report to the mod/datapack author, including the debug log.
[12Feb2026 00:33:11.353] [Server thread/INFO] [FTB Ranks/]: Loaded 3 ranks
[12Feb2026 00:33:11.356] [Server thread/INFO] [Observable/]: Registered thread Server thread
[12Feb2026 00:33:11.356] [Server thread/INFO] [FTB Quests/]: Loading quests from /workspaces/Mundinho/servidor_minecraft/config/ftbquests/quests
[12Feb2026 00:33:11.449] [Server thread/INFO] [FTB Quests/]: Loaded 8 chapter groups, 25 chapters, 1674 quests, 4 reward tables
[12Feb2026 00:33:11.454] [Server thread/INFO] [Silent Gear/TraitManager]: Traits loaded: 74
[12Feb2026 00:33:11.454] [Server thread/INFO] [Silent Gear/PartManager]: Parts loaded: 45
[12Feb2026 00:33:11.454] [Server thread/INFO] [Silent Gear/PartManager]: - Compound: 41
[12Feb2026 00:33:11.455] [Server thread/INFO] [Silent Gear/PartManager]: - Simple: 4
[12Feb2026 00:33:11.455] [Server thread/INFO] [Silent Gear/MaterialManager]: Materials loaded: 139
[12Feb2026 00:33:11.455] [Server thread/INFO] [Silent Gear/MaterialManager]: - Standard: 133
[12Feb2026 00:33:11.463] [Server thread/INFO] [FTB Utilities Backups/]: Backups folder - /workspaces/Mundinho/servidor_minecraft/backups
[12Feb2026 00:33:11.464] [Server thread/INFO] [integrateddynamics/]: Loading infobook /data/integrateddynamics/info/on_the_dynamics_of_integration.xml
[12Feb2026 00:33:11.500] [Server thread/WARN] [integrateddynamics/]: Invalid appendix info_book.integrateddynamics.manual.parts.other from mod integrateddynamics in an infobook: Could not find minecraft:crafting recipe for integrateddynamics:crafting/part_connector_omni_directional
[12Feb2026 00:33:11.500] [Server thread/WARN] [integrateddynamics/]: Invalid appendix info_book.integrateddynamics.manual.parts.other from mod integrateddynamics in an infobook: Could not find minecraft:crafting recipe for integrateddynamics:crafting/part_connector_omni_directional_copy
[12Feb2026 00:33:11.500] [Server thread/WARN] [integrateddynamics/]: Invalid appendix info_book.integrateddynamics.manual.parts.other from mod integrateddynamics in an infobook: Could not find minecraft:crafting recipe for integrateddynamics:crafting/part_connector_omni_directional_join
[12Feb2026 00:33:11.525] [Server thread/INFO] [structurize/]: Trying jar discover: assets/structurize
[12Feb2026 00:33:11.526] [Server thread/INFO] [structurize/]: Trying jar discover: assets/minecolonies
[12Feb2026 00:33:12.224] [Server thread/INFO] [structurize/]: Load additional huts or decorations from ./structurize/schematics
[12Feb2026 00:33:12.225] [Server thread/INFO] [structurize/]: Load cached schematic from ./structurize/cache
[12Feb2026 00:33:12.225] [Server thread/INFO] [structurize/]: Load cached schematic from ./structurize/cache
[12Feb2026 00:33:12.228] [Server thread/INFO] [cyclopscore/]: Loading infobook /data/cyclopscore/info/test.xml
[12Feb2026 00:33:12.298] [Server thread/INFO] [com.github.alexthe666.iceandfire.IceAndFire/]: {SPAWN_DRAGON_SKELETON_I_CF=false, HYDRA_CAVE_CF=false, SPAWN_SEA_SERPENT_CF=true, SPAWN_STYMPHALIAN_BIRD_CF=false, SPAWN_WANDERING_CYCLOPS_CF=false, PIXIE_VILLAGE_CF=false, SPAWN_DEATH_WORM_CF=false, FIRE_DRAGON_CAVE_CF=false, SIREN_ISLAND_CF=true, MYRMEX_HIVE_DESERT_CF=false, SPAWN_HIPPOCAMPUS_CF=true, FIRE_DRAGON_ROOST_CF=false, MYRMEX_HIVE_JUNGLE_CF=false, GORGON_TEMPLE_CF=false, COPPER_ORE_CF=false, SILVER_ORE_CF=false, LIGHTNING_DRAGON_CAVE_CF=false, SPAWN_DRAGON_SKELETON_F_CF=false, AMETHYST_ORE_CF=false, SPAWN_DRAGON_SKELETON_L_CF=false, LIGHTNING_LILY_CF=true, MAUSOLEUM_CF=false, ICE_DRAGON_CAVE_CF=false, GRAVEYARD_CF=false, SAPPHIRE_ORE_CF=false, LIGHTNING_DRAGON_ROOST_CF=false, CYCLOPS_CAVE_CF=false, FROST_LILY_CF=true, FIRE_LILY_CF=true, ICE_DRAGON_ROOST_CF=false}
[12Feb2026 00:33:12.298] [Server thread/INFO] [com.github.alexthe666.iceandfire.IceAndFire/]: {TROLL_S=false, HIPPOGRYPH=true, AMPHITHERE=false, COCKATRICE=false, TROLL_M=false, DREAD_LICH=false, TROLL_F=false}
[12Feb2026 00:33:12.369] [Server thread/INFO] [Astral Sorcery/]: Loaded PerkTree!
[12Feb2026 00:33:12.391] [Server thread/INFO] [endertanks/]: Loading EnderTank Data
[12Feb2026 00:33:12.392] [Server thread/INFO] [endertanks/]: Finished Loading EnderTank Data
[12Feb2026 00:33:12.398] [Server thread/INFO] [com.resourcefulbees.resourcefulbees.ResourcefulBees/]: Validating Mutations...
[12Feb2026 00:33:12.428] [Server thread/INFO] [enderchests/]: Loading EnderChest Data
[12Feb2026 00:33:12.429] [Server thread/INFO] [enderchests/]: Finished Loading EnderChest Data
[12Feb2026 00:33:13.219] [Server thread/INFO] [minecolonies/]: Finished discovering saplings 96
[12Feb2026 00:33:13.220] [Server thread/INFO] [minecolonies/]: Finished discovering Ores 112 90
[12Feb2026 00:33:13.220] [Server thread/INFO] [minecolonies/]: Finished discovering plantables 19
[12Feb2026 00:33:13.255] [Server thread/INFO] [minecolonies/]: Finished discovering food 1321 1429
[12Feb2026 00:33:13.310] [Server thread/INFO] [minecolonies/]: Finished discovering fuel 3023
[12Feb2026 00:33:13.314] [Server thread/INFO] [minecolonies/]: Finished discovering compostables 2351
[12Feb2026 00:33:13.314] [Server thread/INFO] [minecolonies/]: Finished discovering lucky oreBlocks 127
[12Feb2026 00:33:13.314] [Server thread/INFO] [minecolonies/]: Finished discovering recruitment costs
[12Feb2026 00:33:13.315] [Server thread/INFO] [minecolonies/]: Finished discovering diseases
[12Feb2026 00:33:13.398] [Server thread/WARN] [minecolonies/]: Unhandled modifier in loot table: tombstone:delayed_nbt_loot
[12Feb2026 00:33:13.399] [Server thread/WARN] [minecolonies/]: Unhandled modifier in loot table: tombstone:delayed_nbt_loot
[12Feb2026 00:33:13.399] [Server thread/WARN] [minecolonies/]: Unhandled modifier in loot table: tombstone:delayed_nbt_loot
[12Feb2026 00:33:13.402] [Server thread/INFO] [mcjty.lib.setup.DefaultModSetup/]: Reading dimlet packages: 
[12Feb2026 00:33:13.410] [Server thread/INFO] [mcjty.lib.setup.DefaultModSetup/]: Reading dimlet package: base.json, 38 valid dimlets found
[12Feb2026 00:33:13.413] [Server thread/INFO] [mcjty.lib.setup.DefaultModSetup/]: Reading dimlet package: vanilla_blocks.json, 267 valid dimlets found
[12Feb2026 00:33:13.414] [Server thread/INFO] [mcjty.lib.setup.DefaultModSetup/]: Reading dimlet package: vanilla_fluids.json, 2 valid dimlets found
[12Feb2026 00:33:13.415] [Server thread/INFO] [mcjty.lib.setup.DefaultModSetup/]: Reading dimlet package: vanilla_biomes.json, 79 valid dimlets found
[12Feb2026 00:33:13.415] [Server thread/INFO] [mcjty.lib.setup.DefaultModSetup/]: Reading dimlet package: rftools.json, 10 valid dimlets found
[12Feb2026 00:33:13.416] [Server thread/INFO] [mcjty.lib.setup.DefaultModSetup/]: Reading dimlet package: appliedenergistics2.json, 13 valid dimlets found
[12Feb2026 00:33:13.416] [Server thread/INFO] [mcjty.lib.setup.DefaultModSetup/]: Reading dimlet package: biggerreactors.json, 7 valid dimlets found
[12Feb2026 00:33:13.417] [Server thread/INFO] [mcjty.lib.setup.DefaultModSetup/]: Reading dimlet package: bigreactors.json, 0 valid dimlets found
[12Feb2026 00:33:13.418] [Server thread/INFO] [mcjty.lib.setup.DefaultModSetup/]: Reading dimlet package: botania.json, 121 valid dimlets found
[12Feb2026 00:33:13.419] [Server thread/INFO] [mcjty.lib.setup.DefaultModSetup/]: Reading dimlet package: immersiveengineering.json, 23 valid dimlets found
[12Feb2026 00:33:13.421] [Server thread/INFO] [mcjty.lib.setup.DefaultModSetup/]: Reading dimlet package: mekanism.json, 178 valid dimlets found
[12Feb2026 00:33:13.421] [Server thread/INFO] [mcjty.lib.setup.DefaultModSetup/]: Reading dimlet package: powah.json, 10 valid dimlets found
[12Feb2026 00:33:13.423] [Server thread/INFO] [mcjty.lib.setup.DefaultModSetup/]: Reading dimlet package: quark.json, 266 valid dimlets found
[12Feb2026 00:33:13.424] [Server thread/INFO] [mcjty.lib.setup.DefaultModSetup/]: Reading dimlet package: tconstruct.json, 68 valid dimlets found
[12Feb2026 00:33:13.425] [Server thread/INFO] [mcjty.lib.setup.DefaultModSetup/]: Reading dimlet package: thermal.json, 107 valid dimlets found
[12Feb2026 00:33:13.425] [Server thread/INFO] [mcjty.lib.setup.DefaultModSetup/]: Reading dimlet package: biomesoplenty.json, 148 valid dimlets found
[12Feb2026 00:33:13.430] [Server thread/INFO] [mcjty.lib.setup.DefaultModSetup/]: Reading dimlet package: emendatusenigmatica.json, 0 valid dimlets found
[12Feb2026 00:33:13.430] [Server thread/WARN] [ModernFix/]: Dedicated server took 130.574 seconds to load
[12Feb2026 00:33:13.436] [Server thread/INFO] [elementalcraft/]: Pure ore generation started.
	Recipe Types: mekanism:crushing, mekanism:dissolution, mekanism:enriching, mekanism:injecting, mekanism:purifying, minecraft:blasting, minecraft:campfire_cooking, minecraft:smelting
	Ores found: powah:uraninite_ore, powah:uraninite_ore_poor, powah:uraninite_ore_dense, tmechworks:aluminum_ore, tmechworks:copper_ore, alltheores:ore_aluminum, zycraft:aluminium_ore, immersiveengineering:ore_aluminum, alltheores:ore_copper, mekanism:copper_ore, iceandfire:copper_ore, thermal:copper_ore, projectred-exploration:copper_ore, create:copper_ore, immersiveengineering:ore_copper, tconstruct:copper_ore, alltheores:ore_lead, mekanism:lead_ore, eidolon:lead_ore, thermal:lead_ore, immersiveengineering:ore_lead, alltheores:ore_nickel, thermal:nickel_ore, immersiveengineering:ore_nickel, alltheores:ore_osmium, mekanism:osmium_ore, alltheores:ore_platinum, alltheores:ore_silver, iceandfire:silver_ore, thermal:silver_ore, projectred-exploration:silver_ore, immersiveengineering:ore_silver, alltheores:ore_tin, mekanism:tin_ore, thermal:tin_ore, projectred-exploration:tin_ore, alltheores:ore_zinc, create:zinc_ore, alltheores:ore_uranium, mekanism:uranium_ore, biggerreactors:yellorite_ore, immersiveengineering:ore_uranium, silentgear:bort_ore, silentgear:deepslate_bort_ore, silentgear:crimson_iron_ore, silentgear:azure_silver_ore, mekanism:fluorite_ore, mythicbotany:elementium_ore, mythicbotany:dragonstone_ore, mythicbotany:gold_ore, byg:ametrine_ore, byg:anthracite_ore, byg:budding_ametrine_ore, byg:cryptic_redstone_ore, byg:lignite_ore, byg:pendorite_ore, byg:blue_nether_gold_ore, byg:blue_nether_quartz_ore, byg:brimstone_nether_gold_ore, byg:brimstone_nether_quartz_ore, astralsorcery:starmetal_ore, astralsorcery:aquamarine_sand_ore, astralsorcery:rock_crystal_ore, iceandfire:sapphire_ore, iceandfire:amythest_ore, allthemodium:allthemodium_ore, allthemodium:vibranium_ore, allthemodium:unobtainium_ore, minecraft:coal_ore, minecraft:diamond_ore, minecraft:emerald_ore, minecraft:gold_ore, minecraft:nether_gold_ore, minecraft:iron_ore, minecraft:lapis_ore, minecraft:redstone_ore, minecraft:nether_quartz_ore, minecraft:ancient_debris, thermal:apatite_ore, thermal:cinnabar_ore, thermal:niter_ore, thermal:ruby_ore, projectred-exploration:ruby_ore, thermal:sapphire_ore, projectred-exploration:sapphire_ore, thermal:sulfur_ore, twilightforest:ironwood_raw, twilightforest:armor_shard_cluster, ars_nouveau:arcane_ore, projectred-exploration:peridot_ore, projectred-exploration:electrotine_ore, elementalcraft:crystalore, zycraft:blue_zychorium_ore, zycraft:green_zychorium_ore, zycraft:red_zychorium_ore, zycraft:dark_zychorium_ore, zycraft:light_zychorium_ore, appliedenergistics2:quartz_ore, appliedenergistics2:charged_quartz_ore, rftoolsbase:dimensionalshard_end, rftoolsbase:dimensionalshard_nether, rftoolsbase:dimensionalshard_overworld, draconicevolution:end_draconium_ore, draconicevolution:nether_draconium_ore, draconicevolution:overworld_draconium_ore, mysticalagriculture:inferium_ore, mysticalagriculture:prosperity_ore, mysticalagriculture:soulium_ore, tconstruct:cobalt_ore, mana-and-artifice:vinteum_ore, quark:biotite_ore, forbidden_arcanus:arcane_crystal_ore, forbidden_arcanus:dark_runestone, forbidden_arcanus:runestone, forbidden_arcanus:stella_arcanum, forbidden_arcanus:xpetrified_ore
[12Feb2026 00:33:13.491] [Server thread/INFO] [elementalcraft/]: Pure ore recipe injection
[12Feb2026 00:33:13.496] [Server thread/INFO] [elementalcraft/]: Pure ore generation ended
[12Feb2026 00:33:13.866] [Server thread/INFO] [FluxNetworks/]: FluxNetworkData has been successfully loaded
[12Feb2026 00:37:39.243] [Netty Epoll Server IO #2/INFO] [codechicken.lib.config.ConfigSyncManager/]: Skipping config sync, No mods have registered a syncable config.
[12Feb2026 00:37:47.981] [Server thread/INFO] [net.minecraftforge.common.AdvancementLoadFix/]: Using new advancement loading for net.minecraft.advancements.PlayerAdvancements@3c40abb4
[12Feb2026 00:37:48.003] [Server thread/INFO] [net.minecraft.server.management.PlayerList/]: whosscully[/127.159.233.199:36721] logged in with entity id 1390 at (485.5, 106.0, 3520.5)
[12Feb2026 00:37:48.023] [Server thread/FATAL] [net.minecraftforge.fml.loading.RuntimeDistCleaner/DISTXFORM]: Attempted to load class net/minecraft/client/network/play/NetworkPlayerInfo for invalid dist DEDICATED_SERVER
[12Feb2026 00:37:48.023] [Server thread/ERROR] [ModernFix/]: Skipping entity ID sync for com.hollingsworth.arsnouveau.common.entity.EntityDummy: java.lang.RuntimeException: Attempted to load class net/minecraft/client/network/play/NetworkPlayerInfo for invalid dist DEDICATED_SERVER
[12Feb2026 00:37:48.102] [Server thread/INFO] [net.minecraft.server.dedicated.DedicatedServer/]: whosscully joined the game
[12Feb2026 00:37:48.355] [Server thread/INFO] [structurize/]: New Server UUID fc385b2f-4446-400d-9bb1-7ab161f3d788
[12Feb2026 00:37:48.360] [Server thread/INFO] [jecalculation/]: Failed to load default records at /workspaces/Mundinho/servidor_minecraft/config/jecalculation.
[12Feb2026 00:37:48.475] [Server thread/INFO] [mcjty.lib.setup.DefaultModSetup/]: Client logged in: sending dimlet packages
[12Feb2026 00:37:48.671] [Server thread/INFO] [net.minecraft.server.dedicated.DedicatedServer/]: whosscully has made the advancement [Ice and Fire]
[12Feb2026 00:37:50.238] [Server thread/INFO] [net.minecraftforge.coremod.CoreMod.apotheosis/COREMODLOG]: Patching CombatRules#getDamageAfterMagicAbsorb
[12Feb2026 00:38:14.275] [Server thread/INFO] [com.dynamic_view.DynView/]: Mean tick: 6ms increasing chunk view distance to: 6
[12Feb2026 00:39:04.857] [Server thread/WARN] [mixin/]: @Final field ICONS:Lnet/minecraft/util/ResourceLocation; in allthetweaks.mixins.json:TopOTheMornin should be final
[12Feb2026 00:39:04.857] [Server thread/WARN] [mixin/]: @Final field TEST_TOOLS:Ljava/util/Map; in allthetweaks.mixins.json:TopOTheMornin should be final
[12Feb2026 00:39:13.454] [Server thread/INFO] [com.dynamic_view.DynView/]: Mean tick: 8ms increasing chunk view distance to: 7
[12Feb2026 00:39:27.458] [Server thread/INFO] [net.minecraft.network.play.ServerPlayNetHandler/]: whosscully lost connection: Disconnected
[12Feb2026 00:39:27.458] [Server thread/INFO] [net.minecraft.server.dedicated.DedicatedServer/]: whosscully left the game
[12Feb2026 00:42:57.981] [Netty Epoll Server IO #4/INFO] [codechicken.lib.config.ConfigSyncManager/]: Skipping config sync, No mods have registered a syncable config.
[12Feb2026 00:43:06.703] [Server thread/INFO] [net.minecraftforge.common.AdvancementLoadFix/]: Using new advancement loading for net.minecraft.advancements.PlayerAdvancements@863dfa2
[12Feb2026 00:43:06.726] [Server thread/INFO] [net.minecraft.server.management.PlayerList/]: whosscully[/127.159.233.199:57707] logged in with entity id 1721 at (495.21029243572974, 108.0, 3516.974326579951)
[12Feb2026 00:43:06.751] [Server thread/INFO] [net.minecraft.server.dedicated.DedicatedServer/]: whosscully joined the game
[12Feb2026 00:43:06.919] [Server thread/INFO] [mcjty.lib.setup.DefaultModSetup/]: Client logged in: sending dimlet packages
[12Feb2026 00:43:13.814] [Server thread/INFO] [com.dynamic_view.DynView/]: Mean tick: 1ms increasing chunk view distance to: 8
[12Feb2026 00:44:13.454] [Server thread/INFO] [com.dynamic_view.DynView/]: Mean tick: 7ms increasing chunk view distance to: 9
[12Feb2026 00:45:13.455] [Server thread/INFO] [com.dynamic_view.DynView/]: Mean tick: 6ms increasing chunk view distance to: 10
[12Feb2026 00:45:15.307] [Server thread/INFO] [net.minecraft.server.dedicated.DedicatedServer/]: Unknown or incomplete command, see below for error
[12Feb2026 00:45:15.308] [Server thread/INFO] [net.minecraft.server.dedicated.DedicatedServer/]: /tim setd day<--[HERE]
[12Feb2026 00:46:00.122] [Server thread/INFO] [net.minecraft.server.dedicated.DedicatedServer/]: whosscully was slain by Zombie
[12Feb2026 00:46:00.133] [Server thread/INFO] [tombstone/]: A new grave of the player whosscully was created at position [x:516, y:108, z:3512, dim:minecraft:overworld]
[12Feb2026 00:46:00.141] [Server thread/INFO] [net.minecraft.server.dedicated.DedicatedServer/]: whosscully has made the advancement [Your First Grave]
[12Feb2026 00:46:00.153] [Server thread/INFO] [tombstone/]: The player whosscully has successfully been saved
[12Feb2026 00:46:05.704] [Server thread/INFO] [net.minecraft.server.dedicated.DedicatedServer/]: Set the time to 1000
[12Feb2026 00:48:28.541] [Server thread/INFO] [net.minecraft.server.dedicated.DedicatedServer/]: whosscully has made the advancement [Stone Age]
[12Feb2026 00:48:38.209] [Server thread/INFO] [net.minecraft.server.dedicated.DedicatedServer/]: whosscully has made the advancement [Getting an Upgrade]
[12Feb2026 00:49:09.005] [Worker-Main-20/WARN] [ModernFix/]: The namespace astralsorcery contains an outdated structure file, which can cause worldgen lag. Please view debug.log for the full filename, determine which mod provides the structure, and report to the mod/datapack author, including the debug log.
[12Feb2026 00:51:51.420] [Worker-Main-21/WARN] [ModernFix/]: The namespace quark contains an outdated structure file, which can cause worldgen lag. Please view debug.log for the full filename, determine which mod provides the structure, and report to the mod/datapack author, including the debug log.
[12Feb2026 00:52:05.306] [Server thread/INFO] [net.minecraft.server.dedicated.DedicatedServer/]: whosscully was slain by Spider
[12Feb2026 00:52:05.307] [Server thread/INFO] [tombstone/]: A new grave of the player whosscully was created at position [x:304, y:99, z:3286, dim:minecraft:overworld]
[12Feb2026 00:52:05.313] [Server thread/INFO] [tombstone/]: The player whosscully has successfully been saved
[12Feb2026 00:53:10.555] [Server thread/INFO] [net.minecraft.server.dedicated.DedicatedServer/]: Incorrect argument for command
[12Feb2026 00:53:10.567] [Server thread/INFO] [net.minecraft.server.dedicated.DedicatedServer/]: /op Mo/op Mobyius<--[HERE]
[12Feb2026 00:53:28.298] [Server thread/INFO] [net.minecraft.server.dedicated.DedicatedServer/]: Made mobyius a server operator
[12Feb2026 00:54:05.723] [Server thread/INFO] [net.minecraft.server.dedicated.DedicatedServer/]: Made whosscully a server operator
[12Feb2026 00:54:20.183] [Server thread/INFO] [net.minecraft.server.dedicated.DedicatedServer/]: [whosscully: Teleported whosscully to 304.5, 99.0, 3286.5]
[12Feb2026 00:55:52.396] [Server thread/WARN] [net.minecraft.server.MinecraftServer/]: Can't keep up! Is the server overloaded? Running 2349ms or 46 ticks behind
[12Feb2026 00:56:02.416] [Server thread/INFO] [net.minecraft.server.dedicated.DedicatedServer/]: whosscully has made the advancement [Woot]
[12Feb2026 01:01:15.153] [Server thread/INFO] [net.minecraft.server.dedicated.DedicatedServer/]: whosscully has made the advancement [Acquire Hardware]
[12Feb2026 01:01:37.312] [Server thread/INFO] [net.minecraft.server.dedicated.DedicatedServer/]: whosscully has made the advancement ['X' Marks the Spot]
[12Feb2026 01:02:18.456] [Server thread/INFO] [net.minecraft.server.dedicated.DedicatedServer/]: whosscully has made the advancement [Monster Hunter]
